timestamp,time_elapsed,ozone_pct,temperature_c,pressure_mbar,sample_v,ref_v
29:06.2,00:00.0,0.14,27.3,1024.7,0.91033,0.99793
29:08.2,00:02.0,0.14,27.4,1024.7,0.91053,0.99815
29:10.2,00:04.0,0.14,27.4,1024.7,0.91072,0.99836
29:12.2,00:06.0,0.14,27.4,1024.7,0.9109,0.99857
29:14.2,00:08.0,0.14,27.4,1024.8,0.91108,0.99877
29:16.2,00:10.1,0.14,27.4,1024.7,0.91129,0.999
29:18.2,00:12.0,0.14,27.4,1024.8,0.91146,0.9992
29:20.2,00:14.0,0.14,27.4,1024.7,0.91166,0.99939
29:22.2,00:16.1,0.14,27.5,1024.5,0.91183,0.9996
29:24.2,00:18.0,0.14,27.4,1024.5,0.91203,0.99983
29:26.2,00:20.0,0.14,27.5,1024.4,0.91222,1.00003
29:28.2,00:22.0,0.14,27.5,1024.7,0.9124,1.00025
29:30.2,00:24.1,0.14,27.5,1024.7,0.9126,1.00045
29:32.2,00:26.0,0.14,27.5,1024.7,0.91279,1.00067
29:34.2,00:28.0,0.14,27.5,1024.7,0.91297,1.00087
29:36.2,00:30.1,0.14,27.5,1024.7,0.91317,1.00109
29:38.3,00:32.1,0.14,27.6,1024.7,0.91336,1.0013
29:40.2,00:34.1,0.14,27.6,1024.8,0.91353,1.0015
29:42.2,00:36.0,0.14,27.6,1024.9,0.91372,1.00172
29:44.3,00:38.1,0.14,27.6,1024.7,0.91392,1.00193
29:46.2,00:40.0,0.14,27.6,1024.9,0.91411,1.00213
29:48.3,00:42.1,0.14,27.6,1024.7,0.91429,1.00138
29:50.2,00:44.1,0.19,27.6,1024.7,0.91448,0.98713
29:52.2,00:46.0,0.26,27.6,1024.8,0.91465,0.9661
29:54.3,00:48.2,0.26,27.7,1024.7,0.91484,0.96699
29:56.2,00:50.0,0.28,27.7,1024.9,0.91503,0.96149
29:58.3,00:52.1,0.3,27.7,1024.9,0.91523,0.95565
30:00.2,00:54.0,0.32,27.7,1024.7,0.91541,0.9509
30:02.3,00:56.1,0.33,27.7,1024.9,0.91559,0.94663
30:04.2,00:58.1,0.35,27.7,1024.7,0.91578,0.94281
30:06.2,01:00.0,0.37,27.7,1024.9,0.91597,0.93754
30:08.2,01:02.0,0.39,27.7,1025.1,0.91616,0.93014
30:10.2,01:04.0,0.41,27.7,1024.5,0.91633,0.92631
30:12.3,01:06.1,0.41,27.7,1025.1,0.91652,0.92499
30:14.2,01:08.1,0.43,27.7,1024.9,0.91671,0.92152
30:16.3,01:10.1,0.41,27.7,1024.9,0.91688,0.92606
30:18.2,01:12.1,0.46,27.8,1024.9,0.91706,0.91267
30:20.2,01:14.0,0.47,27.8,1025.3,0.91724,0.91103
30:22.2,01:16.1,0.49,27.8,1025.1,0.91744,0.90509
30:24.2,01:18.0,0.5,27.8,1025.1,0.91764,0.90362
30:26.2,01:20.0,0.5,27.8,1025.3,0.91781,0.90389
30:28.2,01:22.1,0.52,27.8,1025.5,0.91799,0.89784
30:30.3,01:24.1,0.55,27.8,1025.5,0.91817,0.88917
30:32.2,01:26.1,0.57,27.8,1025.5,0.91836,0.88565
30:34.2,01:28.0,0.58,27.8,1025.1,0.91855,0.88295
30:36.2,01:30.0,0.58,27.8,1025.5,0.91873,0.88157
30:38.2,01:32.0,0.59,27.8,1025.6,0.91891,0.88074
30:40.3,01:34.1,0.62,27.8,1025.3,0.91909,0.87228
30:42.2,01:36.0,0.63,27.8,1025.5,0.91927,0.87097
30:44.2,01:38.0,0.63,27.8,1025.1,0.91947,0.87111
30:46.2,01:40.1,0.64,27.8,1025.3,0.91963,0.8682
30:48.3,01:42.1,0.67,27.8,1025.5,0.91981,0.86077
30:50.3,01:44.1,0.67,27.8,1025.3,0.92,0.85997
30:52.2,01:46.0,0.67,27.8,1025.3,0.92018,0.85979
30:54.3,01:48.1,0.69,27.8,1025.5,0.92037,0.85532
30:56.2,01:50.1,0.7,27.8,1025.7,0.92055,0.85332
30:58.2,01:52.0,0.73,27.8,1025.6,0.92072,0.84665
31:00.2,01:54.0,0.73,27.8,1025.5,0.9209,0.84723
31:02.2,01:56.0,0.74,27.8,1025.3,0.92108,0.84393
31:04.2,01:58.0,0.73,27.8,1025.5,0.92128,0.84668
31:06.2,02:00.0,0.75,27.8,1025.3,0.92145,0.84143
31:08.2,02:02.0,0.77,27.8,1025.5,0.92163,0.83836
31:10.3,02:04.1,0.77,27.8,1025.3,0.92181,0.83644
31:12.2,02:06.1,0.79,27.8,1025.1,0.922,0.83229
31:14.3,02:08.1,0.81,27.8,1025.1,0.92216,0.82777
31:16.2,02:10.0,0.81,27.8,1025.2,0.92235,0.82866
31:18.2,02:12.0,0.81,27.8,1025.3,0.92252,0.82809
31:20.3,02:14.1,0.81,27.8,1025.2,0.92271,0.82766
31:22.2,02:16.1,0.83,27.8,1025.3,0.92289,0.82376
31:24.3,02:18.1,0.83,27.8,1025.5,0.92305,0.82254
31:26.2,02:20.1,0.85,27.8,1025.3,0.92323,0.81783
31:28.3,02:22.1,0.86,27.8,1025.5,0.92341,0.81586
31:30.3,02:24.1,0.86,27.8,1025.1,0.9236,0.81733
31:32.2,02:26.0,0.88,27.8,1025.3,0.92378,0.81285
31:34.2,02:28.0,0.9,27.8,1025.2,0.92396,0.80805
31:36.2,02:30.0,0.91,27.8,1025.2,0.92412,0.80629
31:38.3,02:32.1,0.91,27.8,1025.2,0.92432,0.80477
31:40.2,02:34.1,0.91,27.8,1025.1,0.92448,0.80464
31:42.3,02:36.1,0.92,27.8,1025.3,0.92465,0.80366
31:44.4,02:38.2,0.92,27.8,1025.2,0.92484,0.80279
31:46.2,02:40.0,0.94,27.8,1025.2,0.92501,0.79876
31:48.3,02:42.1,0.95,27.8,1025.5,0.9252,0.79644
31:50.2,02:44.0,0.96,27.8,1025.5,0.92537,0.7945
31:52.2,02:46.0,0.97,27.8,1025.5,0.92555,0.79288
31:54.2,02:48.1,0.97,27.8,1025.6,0.92573,0.79175
31:56.3,02:50.1,0.97,27.8,1025.3,0.92589,0.79218
31:58.3,02:52.1,0.98,27.8,1025.2,0.92607,0.78974
32:00.2,02:54.0,0.99,27.8,1025.3,0.92624,0.78846
32:02.2,02:56.0,0.99,27.8,1025.3,0.92641,0.78742
32:04.2,02:58.1,1,27.8,1025.3,0.92659,0.78514
32:06.2,03:00.0,1.02,27.8,1025.2,0.92675,0.78274
32:08.2,03:02.0,1.02,27.8,1025.2,0.92695,0.78144
32:10.3,03:04.1,1.02,27.8,1025.3,0.92712,0.7825
32:12.3,03:06.1,1.02,27.8,1025.3,0.92729,0.78118
32:14.2,03:08.0,1.03,27.8,1025.3,0.92746,0.7803
32:16.3,03:10.1,1.04,27.8,1025.2,0.92763,0.77852
32:18.2,03:12.1,1.04,27.8,1025.5,0.92781,0.77714
32:20.3,03:14.1,1.05,27.8,1025.2,0.92798,0.776
32:22.2,03:16.1,1.06,27.8,1025.3,0.92817,0.77411
32:24.2,03:18.0,1.06,27.8,1025.3,0.92835,0.77483
32:26.3,03:20.1,1.06,27.8,1025.3,0.9285,0.7735
32:28.2,03:22.0,1.07,27.8,1025.5,0.92869,0.77145
32:30.4,03:24.2,1.07,27.8,1025.3,0.92885,0.77182
32:32.2,03:26.1,1.08,27.8,1025.2,0.92903,0.76898
32:34.3,03:28.1,1.09,27.8,1025.3,0.9292,0.76851
32:36.2,03:30.0,1.09,27.8,1025.2,0.92937,0.76885
32:38.3,03:32.1,1.09,27.8,1025.3,0.92955,0.76711
32:40.2,03:34.0,1.1,27.8,1025.2,0.92971,0.7648
32:42.2,03:36.1,1.11,27.8,1025.6,0.92989,0.76403
32:44.3,03:38.1,1.11,27.8,1025.3,0.93007,0.76383
32:46.2,03:40.1,1.12,27.8,1025.5,0.93022,0.76268
32:48.3,03:42.1,1.12,27.8,1025.3,0.9304,0.7613
32:50.2,03:44.1,1.12,27.8,1025.5,0.93057,0.76164
32:52.3,03:46.2,1.12,27.8,1025.5,0.93074,0.761
32:54.3,03:48.1,1.13,27.8,1025.5,0.93092,0.76023
32:56.2,03:50.0,1.13,27.8,1025.5,0.93108,0.76003
32:58.3,03:52.1,1.13,27.8,1025.5,0.93126,0.75913
33:00.2,03:54.1,1.15,27.8,1025.6,0.93142,0.75651
33:02.3,03:56.1,1.15,27.8,1025.7,0.93159,0.7564
33:04.3,03:58.1,1.15,27.8,1025.3,0.93176,0.75664
33:06.2,04:00.0,1.15,27.8,1025.5,0.93195,0.75601
33:08.3,04:02.1,1.15,27.8,1025.2,0.93213,0.75565
33:10.2,04:04.0,1.16,27.8,1025.5,0.9323,0.75372
33:12.3,04:06.1,1.17,27.8,1025.3,0.93246,0.75293
33:14.2,04:08.1,1.17,27.8,1025.5,0.93264,0.75185
33:16.3,04:10.1,1.17,27.8,1025.5,0.9328,0.75191
33:18.3,04:12.1,1.18,27.8,1025.5,0.93297,0.75144
33:20.2,04:14.0,1.18,27.8,1025.2,0.93313,0.75078
33:22.2,04:16.0,1.18,27.8,1025.6,0.9333,0.75016
33:24.2,04:18.0,1.19,27.8,1025.3,0.93347,0.74899
33:26.2,04:20.1,1.19,27.8,1025.5,0.93364,0.74885
33:28.2,04:22.0,1.19,27.8,1025.1,0.93381,0.74829
33:30.3,04:24.2,1.19,27.8,1025.2,0.93399,0.74847
33:32.3,04:26.1,1.2,27.8,1025.3,0.93415,0.7477
33:34.3,04:28.1,1.2,27.8,1025.3,0.93432,0.7468
33:36.2,04:30.0,1.21,27.9,1025.2,0.93449,0.74551
33:38.2,04:32.0,1.21,27.9,1025.3,0.93466,0.74419
33:40.2,04:34.0,1.22,27.8,1025.3,0.93483,0.74358
33:42.2,04:36.0,1.22,27.9,1024.9,0.935,0.74446
33:44.3,04:38.1,1.21,27.9,1025.2,0.93517,0.74458
33:46.3,04:40.1,1.22,27.9,1025.2,0.93534,0.74387
33:48.2,04:42.0,1.22,27.9,1025.5,0.93549,0.74343
33:50.3,04:44.1,1.23,27.9,1025.3,0.93566,0.74136
33:52.2,04:46.1,1.24,27.9,1025.2,0.93583,0.74036
33:54.3,04:48.1,1.24,27.9,1025.2,0.93599,0.7406
33:56.2,04:50.0,1.23,27.9,1025.2,0.93616,0.74108
33:58.2,04:52.0,1.24,28,1025.1,0.93633,0.74122
34:00.2,04:54.0,1.24,27.9,1025.1,0.9365,0.74068
34:02.2,04:56.0,1.24,28,1025.2,0.93667,0.74006
34:04.2,04:58.0,1.24,28,1025.2,0.93684,0.73989
34:06.2,05:00.0,1.25,28,1025.5,0.937,0.73901
34:08.3,05:02.1,1.25,28,1025.2,0.93718,0.73897
34:10.2,05:04.1,1.25,28.1,1025.5,0.93735,0.73885
34:12.3,05:06.1,1.25,28,1025.2,0.93751,0.73879
34:14.2,05:08.0,1.26,28.1,1025.3,0.93768,0.73732
34:16.2,05:10.0,1.26,28.1,1025.1,0.93783,0.73691
34:18.3,05:12.1,1.26,28.1,1025.2,0.93803,0.73626
34:20.2,05:14.1,1.27,28.1,1025.2,0.93818,0.73594
34:22.3,05:16.1,1.27,28.1,1025.1,0.93834,0.73619
34:24.3,05:18.1,1.26,28.1,1025.3,0.93849,0.73643
34:26.3,05:20.1,1.27,28.1,1025.1,0.93867,0.7361
34:28.3,05:22.1,1.27,28.2,1025.3,0.93883,0.73501
34:30.3,05:24.2,1.28,28.2,1025.3,0.93901,0.73449
34:32.2,05:26.0,1.28,28.2,1025.2,0.93917,0.73392
34:34.2,05:28.1,1.28,28.2,1025.1,0.93933,0.73418
34:36.2,05:30.0,1.28,28.2,1024.9,0.9395,0.73479
34:38.3,05:32.1,1.28,28.2,1025.1,0.93966,0.7343
34:40.2,05:34.0,1.28,28.2,1024.9,0.93983,0.73338
34:42.3,05:36.1,1.29,28.2,1025.1,0.93997,0.73297
34:44.2,05:38.1,1.29,28.2,1024.9,0.94015,0.73207
34:46.3,05:40.1,1.29,28.2,1024.9,0.9403,0.73171
34:48.2,05:42.1,1.29,28.2,1025.1,0.94047,0.73231
34:50.2,05:44.0,1.29,28.2,1025.2,0.94064,0.73303
34:52.3,05:46.1,1.29,28.2,1025.2,0.94081,0.73301
34:54.2,05:48.0,1.29,28.2,1025.2,0.94096,0.73212
34:56.3,05:50.1,1.3,28.2,1024.9,0.94113,0.73219
34:58.2,05:52.1,1.3,28.3,1025.1,0.94129,0.73102
35:00.2,05:54.0,1.3,28.3,1025.2,0.94145,0.73077
35:02.2,05:56.1,1.3,28.3,1025.2,0.94161,0.73127
35:04.3,05:58.1,1.3,28.3,1025.2,0.94177,0.73157
35:06.2,06:00.0,1.3,28.3,1025.2,0.94194,0.73089
35:08.2,06:02.0,1.3,28.3,1024.9,0.94211,0.73101
35:10.3,06:04.2,1.31,28.3,1025.2,0.94226,0.73021
35:12.2,06:06.1,1.31,28.3,1025.5,0.94243,0.72954
35:14.2,06:08.0,1.31,28.3,1025.2,0.94259,0.72946
35:16.3,06:10.1,1.31,28.3,1025.2,0.94276,0.73033
35:18.3,06:12.2,1.31,28.3,1025.5,0.94292,0.73042
35:20.3,06:14.1,1.31,28.3,1025.2,0.94307,0.72972
35:22.2,06:16.0,1.32,28.3,1025.7,0.94323,0.72872
35:24.2,06:18.0,1.32,28.3,1025.3,0.94339,0.72785
35:26.2,06:20.1,1.32,28.3,1025.5,0.94356,0.72767
35:28.3,06:22.1,1.32,28.3,1025.5,0.94374,0.72839
35:30.2,06:24.0,1.32,28.3,1025.2,0.94388,0.72943
35:32.3,06:26.1,1.32,28.3,1025.6,0.94403,0.72955
35:34.3,06:28.1,1.32,28.3,1025.6,0.94421,0.72937
35:36.2,06:30.0,1.32,28.3,1025.3,0.94438,0.72847
35:38.2,06:32.0,1.33,28.3,1025.7,0.94455,0.72774
35:40.2,06:34.1,1.33,28.3,1026,0.94471,0.72791
35:42.2,06:36.0,1.33,28.3,1025.2,0.94486,0.72825
35:44.3,06:38.1,1.32,28.3,1025.9,0.94502,0.72856
35:46.2,06:40.0,1.33,28.3,1025.9,0.94518,0.72834
35:48.2,06:42.0,1.33,28.3,1026.1,0.94534,0.72784
35:50.3,06:44.2,1.33,28.3,1025.5,0.9455,0.72737
35:52.3,06:46.1,1.34,28.3,1026.1,0.94566,0.72667
35:54.2,06:48.1,1.33,28.3,1025.9,0.94583,0.7271
35:56.2,06:50.0,1.33,28.3,1025.9,0.94599,0.72746
35:58.2,06:52.0,1.33,28.3,1025.9,0.94616,0.72784
36:00.3,06:54.2,1.33,28.3,1026,0.94629,0.7274
36:02.3,06:56.1,1.34,28.3,1025.5,0.94645,0.72707
36:04.2,06:58.0,1.34,28.3,1025.7,0.94661,0.72636
36:06.3,07:00.1,1.34,28.3,1025.7,0.94678,0.72639
36:08.2,07:02.0,1.34,28.3,1025.3,0.94694,0.72687
36:10.3,07:04.1,1.34,28.3,1025.3,0.9471,0.72749
36:12.2,07:06.0,1.34,28.3,1025.1,0.94728,0.72717
36:14.3,07:08.1,1.34,28.3,1025.1,0.94743,0.72697
36:16.3,07:10.1,1.34,28.3,1025.3,0.94759,0.72636
36:18.2,07:12.1,1.35,28.3,1025.1,0.94773,0.72627
36:20.3,07:14.1,1.35,28.3,1025.1,0.9479,0.72637
36:22.2,07:16.1,1.35,28.3,1025.2,0.94807,0.72641
36:24.2,07:18.0,1.34,28.3,1025.1,0.9482,0.72703
36:26.2,07:20.0,1.35,28.3,1025.2,0.94838,0.72665
36:28.2,07:22.0,1.35,28.3,1025.2,0.94854,0.72623
36:30.2,07:24.0,1.35,28.3,1025.3,0.9487,0.72585
36:32.5,07:26.3,1.35,28.3,1025.3,0.94885,0.72555
36:34.2,07:28.0,1.35,28.3,1025.1,0.949,0.72606
36:36.2,07:30.0,1.35,28.3,1024.9,0.94916,0.72684
36:38.3,07:32.1,1.35,28.3,1025.2,0.94933,0.72686
36:40.3,07:34.1,1.35,28.3,1025.2,0.94948,0.72673
36:42.2,07:36.0,1.35,28.3,1025.1,0.94963,0.72624
36:44.2,07:38.0,1.36,28.3,1025.1,0.94978,0.72558
36:46.2,07:40.1,1.36,28.3,1024.8,0.94996,0.72543
36:48.3,07:42.2,1.35,28.3,1025.1,0.9501,0.72635
36:50.2,07:44.1,1.35,28.3,1025.2,0.95027,0.72672
36:52.4,07:46.2,1.35,28.3,1025.1,0.95041,0.7265
36:54.2,07:48.0,1.36,28.3,1025.1,0.95056,0.72595
36:56.2,07:50.1,1.36,28.3,1025.1,0.95074,0.72543
36:58.2,07:52.0,1.36,28.3,1025.1,0.95089,0.72527
37:00.3,07:54.2,1.36,28.3,1025.1,0.95104,0.72573
37:02.2,07:56.0,1.36,28.3,1025.3,0.9512,0.72647
37:04.3,07:58.1,1.36,28.3,1024.8,0.95135,0.7266
37:06.2,08:00.0,1.36,28.3,1025.1,0.95151,0.72676
37:08.3,08:02.1,1.36,28.3,1024.9,0.95167,0.72594
37:10.2,08:04.0,1.36,28.3,1025.2,0.95182,0.72563
37:12.2,08:06.0,1.36,28.3,1024.8,0.95197,0.7257
37:14.2,08:08.1,1.36,28.3,1024.9,0.95213,0.72649
37:16.3,08:10.1,1.36,28.3,1025.1,0.9523,0.72697
37:18.2,08:12.0,1.36,28.3,1024.9,0.95245,0.72666
37:20.2,08:14.1,1.36,28.3,1024.9,0.9526,0.72634
37:22.3,08:16.1,1.37,28.3,1025.2,0.95274,0.72584
37:24.2,08:18.1,1.37,28.3,1025.1,0.95291,0.7257
37:26.3,08:20.1,1.37,28.3,1025.2,0.95306,0.72576
37:28.2,08:22.1,1.36,28.3,1025.2,0.95321,0.72666
37:30.3,08:24.1,1.36,28.3,1025.2,0.95335,0.72717
37:32.3,08:26.1,1.36,28.3,1025.1,0.95353,0.72708
37:34.2,08:28.0,1.37,28.3,1025.2,0.95368,0.72604
37:36.2,08:30.0,1.37,28.3,1025.1,0.95383,0.72554
37:38.3,08:32.1,1.37,28.3,1025.2,0.954,0.72573
37:40.3,08:34.1,1.37,28.3,1025.3,0.95415,0.72597
37:42.2,08:36.1,1.37,28.3,1024.9,0.95429,0.72697
37:44.3,08:38.1,1.37,28.3,1024.9,0.95445,0.72708
37:46.3,08:40.1,1.37,28.3,1025.2,0.9546,0.72673
37:48.3,08:42.1,1.37,28.3,1025.2,0.95476,0.72619
37:50.2,08:44.0,1.37,28.3,1025.3,0.95492,0.7261
37:52.2,08:46.0,1.37,28.3,1025.2,0.95507,0.72628
37:54.2,08:48.0,1.37,28.3,1025.1,0.95521,0.72676
37:56.2,08:50.1,1.37,28.3,1024.9,0.95538,0.72735
37:58.3,08:52.1,1.37,28.3,1025.1,0.95553,0.72725
38:00.3,08:54.1,1.37,28.3,1025.2,0.95567,0.72722
38:02.2,08:56.0,1.37,28.3,1024.9,0.95584,0.72649
38:04.3,08:58.1,1.37,28.3,1025.1,0.95599,0.72689
38:06.2,09:00.1,1.37,28.3,1025.1,0.95615,0.72699
38:08.2,09:02.0,1.37,28.3,1025.2,0.9563,0.7277
38:10.2,09:04.1,1.37,28.3,1025.1,0.95644,0.72788
38:12.3,09:06.1,1.37,28.3,1024.8,0.95661,0.72778
38:14.3,09:08.1,1.38,28.3,1024.9,0.95675,0.72694
38:16.2,09:10.0,1.38,28.3,1025.1,0.9569,0.72655
38:18.3,09:12.1,1.38,28.3,1024.9,0.95707,0.72667
38:20.2,09:14.1,1.38,28.3,1025.1,0.95721,0.72722
38:22.3,09:16.1,1.37,28.3,1024.9,0.95736,0.72758
38:24.2,09:18.0,1.37,28.3,1025.1,0.95752,0.72789
38:26.3,09:20.2,1.37,28.3,1025.1,0.95767,0.72776
38:28.2,09:22.1,1.38,28.3,1025.1,0.95782,0.72725
38:30.3,09:24.2,1.38,28.3,1024.9,0.95797,0.72696
38:32.3,09:26.1,1.38,28.3,1025.1,0.95813,0.727
38:34.2,09:28.0,1.38,28.3,1024.9,0.95828,0.72814
38:36.2,09:30.0,1.37,28.3,1025.1,0.95842,0.72862
38:38.3,09:32.1,1.38,28.3,1024.8,0.95859,0.72814
38:40.2,09:34.0,1.38,28.3,1024.8,0.95874,0.72806
38:42.2,09:36.0,1.38,28.3,1024.9,0.95888,0.72753
38:44.2,09:38.1,1.38,28.3,1024.9,0.95904,0.7275
38:46.3,09:40.1,1.38,28.3,1024.9,0.9592,0.72819
38:48.2,09:42.1,1.38,28.3,1025.1,0.95937,0.72887
38:50.2,09:44.0,1.38,28.3,1025.1,0.95951,0.72898
38:52.3,09:46.1,1.38,28.4,1024.9,0.95966,0.72873
38:54.2,09:48.0,1.38,28.4,1024.9,0.9598,0.7283
38:56.2,09:50.0,1.38,28.4,1024.9,0.95996,0.72798
38:58.2,09:52.0,1.38,28.4,1024.9,0.9601,0.72819
39:00.3,09:54.1,1.38,28.4,1024.9,0.96026,0.72906
39:02.2,09:56.0,1.38,28.4,1024.9,0.9604,0.72942
39:04.3,09:58.1,1.38,28.4,1024.9,0.96056,0.7294
39:06.3,10:00.1,1.38,28.4,1024.9,0.96072,0.72907
39:08.3,10:02.1,1.38,28.4,1025.1,0.96086,0.72847
39:10.3,10:04.1,1.38,28.5,1025.1,0.96102,0.72847
39:12.2,10:06.1,1.38,28.5,1025.1,0.96118,0.72855
39:14.2,10:08.0,1.38,28.5,1024.9,0.96131,0.72955
39:16.2,10:10.1,1.38,28.5,1024.9,0.96147,0.73022
39:18.3,10:12.1,1.38,28.5,1025.1,0.96163,0.72985
39:20.2,10:14.1,1.38,28.5,1025.2,0.96178,0.72938
39:22.3,10:16.1,1.39,28.6,1025.1,0.96193,0.72897
39:24.2,10:18.0,1.39,28.6,1025.2,0.96209,0.72901
39:26.3,10:20.2,1.38,28.6,1024.8,0.96224,0.72962
39:28.2,10:22.0,1.38,28.6,1025.2,0.96239,0.7306
39:30.2,10:24.0,1.38,28.6,1025.3,0.96255,0.7306
39:32.3,10:26.2,1.38,28.6,1024.9,0.96269,0.73003
39:34.3,10:28.1,1.39,28.6,1025.1,0.96284,0.72964
39:36.2,10:30.0,1.39,28.6,1024.9,0.96299,0.72959
39:38.3,10:32.1,1.39,28.7,1024.9,0.96315,0.72984
39:40.2,10:34.1,1.38,28.6,1024.9,0.96329,0.73068
39:42.3,10:36.1,1.38,28.7,1025.1,0.96344,0.7313
39:44.2,10:38.0,1.38,28.7,1024.9,0.9636,0.73104
39:46.2,10:40.0,1.39,28.7,1024.9,0.96375,0.73027
39:48.4,10:42.2,1.39,28.7,1025.1,0.9639,0.72997
39:50.2,10:44.0,1.39,28.7,1025.1,0.96404,0.73033
39:52.3,10:46.1,1.39,28.7,1025.2,0.96421,0.73051
39:54.3,10:48.2,1.38,28.7,1025.1,0.96435,0.73165
39:56.3,10:50.1,1.38,28.7,1025.1,0.9645,0.73189
39:58.2,10:52.1,1.38,28.7,1025.3,0.96465,0.73158
40:00.2,10:54.0,1.38,28.7,1025.2,0.96482,0.73171
40:02.3,10:56.1,1.39,28.7,1025.1,0.96496,0.73117
40:04.2,10:58.1,1.39,28.7,1025.1,0.96512,0.73134
40:06.2,11:00.0,1.38,28.7,1025.1,0.96525,0.73208
40:08.2,11:02.0,1.38,28.7,1025.1,0.96541,0.7326
40:10.2,11:04.0,1.38,28.7,1024.9,0.96556,0.7324
40:12.2,11:06.0,1.38,28.7,1025.1,0.96572,0.73231
40:14.2,11:08.0,1.39,28.7,1025.2,0.96588,0.73177
40:16.2,11:10.0,1.39,28.7,1025.1,0.966,0.73132
40:18.2,11:12.1,1.39,28.7,1025.2,0.96616,0.73183
40:20.3,11:14.1,1.38,28.7,1025.1,0.96632,0.73265
40:22.2,11:16.1,1.38,28.7,1025.1,0.96647,0.73312
40:24.3,11:18.1,1.38,28.7,1025.2,0.96663,0.73298
40:26.3,11:20.1,1.39,28.7,1024.9,0.96676,0.73231
40:28.2,11:22.0,1.39,28.8,1024.9,0.96692,0.7322
40:30.2,11:24.0,1.39,28.7,1024.9,0.96706,0.73249
40:32.3,11:26.1,1.39,28.7,1024.8,0.96721,0.73318
40:34.3,11:28.1,1.38,28.7,1024.9,0.96737,0.73345
40:36.2,11:30.0,1.38,28.8,1024.9,0.96751,0.7338
40:38.3,11:32.1,1.39,28.8,1025.1,0.96766,0.73329
40:40.3,11:34.1,1.39,28.7,1025.1,0.96782,0.73268
40:42.2,11:36.0,1.39,28.8,1024.9,0.96796,0.73267
40:44.3,11:38.1,1.39,28.8,1024.9,0.96812,0.73319
40:46.2,11:40.1,1.38,28.8,1025.1,0.96826,0.73437
40:48.3,11:42.1,1.37,28.8,1025.1,0.96841,0.73721
40:50.3,11:44.1,1.31,28.7,1024.9,0.96856,0.75032
40:52.4,11:46.2,1.28,28.8,1025.2,0.96872,0.75822
40:54.3,11:48.1,1.27,28.8,1024.9,0.96885,0.76067
40:56.3,11:50.2,1.27,28.8,1025.1,0.969,0.76
40:58.2,11:52.1,1.27,28.8,1025.2,0.96916,0.75998
41:00.2,11:54.0,1.27,28.8,1025.3,0.9693,0.75944
43:18.2,14:12.0,0.56,28.8,1025.1,0.97944,0.94718
43:20.2,14:14.0,0.55,28.8,1025.2,0.97958,0.94975
43:22.2,14:16.1,0.55,28.8,1024.9,0.97972,0.94941
43:24.2,14:18.0,0.55,28.8,1025.3,0.97988,0.95084
43:26.2,14:20.0,0.54,28.8,1025.2,0.98001,0.95484
43:28.3,14:22.2,0.53,28.8,1025.2,0.98014,0.95575
43:30.2,14:24.1,0.53,28.8,1025.1,0.98029,0.95668
43:32.3,14:26.1,0.53,28.8,1025.3,0.98044,0.95725
43:34.3,14:28.1,0.52,28.8,1025.1,0.98058,0.95928
43:36.2,14:30.0,0.52,28.8,1025.2,0.98073,0.95972
43:38.2,14:32.1,0.51,28.8,1025.3,0.98086,0.96216
43:40.2,14:34.0,0.5,28.8,1025.3,0.98102,0.96483
43:42.2,14:36.1,0.49,28.8,1025.2,0.98116,0.96771
43:44.2,14:38.1,0.49,28.8,1025.3,0.98131,0.96861
43:46.3,14:40.1,0.49,28.8,1025.2,0.98146,0.96797
43:48.3,14:42.1,0.5,28.8,1025.1,0.98158,0.96685
43:50.3,14:44.2,0.5,28.8,1025.5,0.98173,0.96685
43:52.4,14:46.2,0.48,28.8,1025.3,0.98187,0.97302
43:54.2,14:48.1,0.47,28.8,1025.2,0.98202,0.97524
43:56.2,14:50.0,0.47,28.8,1025.2,0.98217,0.97583
43:58.2,14:52.0,0.46,28.8,1025.5,0.98229,0.97717
44:00.4,14:54.3,0.46,28.8,1025.1,0.98244,0.97836
44:02.3,14:56.1,0.46,28.8,1025.3,0.98258,0.97831
44:04.2,14:58.1,0.45,28.8,1025.5,0.98273,0.98289
44:06.2,15:00.0,0.44,28.8,1025.3,0.98286,0.98425
44:08.2,15:02.1,0.44,28.8,1025.2,0.983,0.98604
44:10.2,15:04.0,0.43,28.8,1025.2,0.98316,0.98684
44:12.2,15:06.0,0.43,28.8,1025.3,0.98329,0.98757
44:14.2,15:08.0,0.43,28.8,1024.9,0.98342,0.98733
44:16.3,15:10.1,0.44,28.9,1025.1,0.98358,0.98643
44:18.3,15:12.2,0.42,28.8,1025.2,0.98373,0.99093
44:20.2,15:14.0,0.42,28.9,1025.1,0.98386,0.99247
44:22.2,15:16.1,0.42,28.9,1025.1,0.984,0.9933
44:24.3,15:18.1,0.41,28.9,1024.9,0.98414,0.99446
44:26.3,15:20.1,0.42,28.9,1025.1,0.98428,0.99338
44:28.2,15:22.0,0.42,28.9,1025.1,0.98442,0.99309
44:30.3,15:24.1,0.4,28.9,1025.2,0.98456,0.99884
44:32.3,15:26.2,0.39,28.9,1025.2,0.9847,1.00055
44:34.2,15:28.0,0.39,28.9,1025.1,0.98484,1.001
44:36.2,15:30.0,0.39,29,1025.1,0.98497,1.00055
44:38.3,15:32.1,0.39,29,1024.9,0.98513,1.00178
44:40.3,15:34.1,0.39,29,1025.2,0.98526,1.00218
44:42.2,15:36.0,0.38,29,1025.2,0.9854,1.00587
44:44.2,15:38.0,0.37,29,1024.9,0.98554,1.00795
44:46.3,15:40.2,0.37,29,1024.9,0.98567,1.0071
44:48.2,15:42.0,0.37,29,1025.2,0.98581,1.00817
44:50.2,15:44.1,0.37,29,1025.6,0.98596,1.0096
44:52.3,15:46.1,0.36,29,1025.3,0.98611,1.01058
44:54.3,15:48.1,0.36,29,1025.7,0.98625,1.01142
44:56.2,15:50.0,0.36,29.1,1025.7,0.98638,1.01199
44:58.2,15:52.0,0.36,29.1,1025.5,0.98652,1.01369
45:00.2,15:54.0,0.35,29.1,1025.2,0.98666,1.0153
45:02.4,15:56.2,0.35,29.1,1025.2,0.98679,1.01625
45:04.2,15:58.1,0.35,29.1,1025.3,0.98693,1.01638
45:06.2,16:00.1,0.35,29.1,1025.3,0.98708,1.01602
45:08.3,16:02.1,0.34,29.1,1025.3,0.98721,1.01774
45:10.2,16:04.1,0.34,29.1,1025.3,0.98735,1.01993
45:12.2,16:06.0,0.33,29.1,1025.2,0.98749,1.02154
45:14.2,16:08.0,0.33,29.1,1025.2,0.98763,1.02225
45:16.2,16:10.1,0.33,29.2,1025.1,0.98777,1.02336
45:18.4,16:12.2,0.33,29.2,1025.1,0.9879,1.02277
45:20.3,16:14.1,0.33,29.2,1025.2,0.98806,1.02373
45:22.2,16:16.1,0.32,29.2,1025.3,0.98819,1.02539
45:24.3,16:18.2,0.32,29.2,1025.3,0.98832,1.02683
45:26.3,16:20.1,0.32,29.2,1025.3,0.98846,1.02765
45:28.2,16:22.1,0.31,29.2,1025.2,0.98858,1.02829
45:30.2,16:24.0,0.31,29.2,1025.5,0.98873,1.02851
45:32.2,16:26.0,0.31,29.2,1025.5,0.98886,1.02888
45:34.2,16:28.0,0.31,29.2,1025.6,0.989,1.02955
45:36.3,16:30.1,0.31,29.2,1025.6,0.98915,1.03097
45:38.3,16:32.2,0.3,29.2,1025.6,0.98927,1.03194
45:40.3,16:34.1,0.3,29.2,1025.6,0.98943,1.03201
45:42.2,16:36.1,0.31,29.2,1025.6,0.98955,1.03188
45:44.3,16:38.1,0.3,29.2,1025.1,0.98968,1.03363
45:46.3,16:40.1,0.3,29.2,1024.9,0.98984,1.03468
45:48.2,16:42.0,0.3,29.2,1025.6,0.98997,1.03468
45:50.2,16:44.1,0.3,29.2,1025.5,0.99009,1.03564
45:52.3,16:46.2,0.29,29.2,1025.5,0.99023,1.03788
45:54.3,16:48.1,0.29,29.2,1025.5,0.99037,1.03878
45:56.4,16:50.2,0.29,29.2,1025.5,0.99052,1.03919
45:58.2,16:52.0,0.29,29.2,1025.7,0.99064,1.03914
46:00.3,16:54.1,0.28,29.2,1025.5,0.99078,1.03981
46:02.3,16:56.2,0.28,29.2,1025.5,0.99092,1.03996
46:04.2,16:58.0,0.28,29.2,1025.2,0.99105,1.0419
46:06.2,17:00.0,0.28,29.2,1025.1,0.99117,1.04269
46:08.2,17:02.0,0.27,29.2,1025.5,0.99133,1.0436
46:10.2,17:04.1,0.27,29.2,1025.3,0.99146,1.04351
46:12.3,17:06.1,0.27,29.2,1025.3,0.99159,1.04365
46:14.3,17:08.1,0.28,29.2,1025.3,0.99173,1.04356
46:16.2,17:10.1,0.27,29.2,1025.7,0.99187,1.04596
46:18.2,17:12.1,0.27,29.2,1025.3,0.99199,1.04647
46:20.3,17:14.1,0.27,29.2,1025.2,0.99214,1.04715
46:22.2,17:16.1,0.26,29.2,1025.6,0.99227,1.04772
46:24.2,17:18.1,0.26,29.2,1025.7,0.9924,1.04905
46:26.3,17:20.1,0.26,29.2,1025.6,0.99254,1.04851
46:28.3,17:22.1,0.26,29.2,1025.5,0.99264,1.04935
46:30.3,17:24.1,0.26,29.2,1025.2,0.99279,1.0506
46:32.3,17:26.1,0.25,29.2,1025.3,0.99292,1.05144
46:34.2,17:28.0,0.25,29.2,1025.5,0.99307,1.05204
46:36.2,17:30.0,0.25,29.2,1025.5,0.99318,1.05253
46:38.2,17:32.0,0.25,29.2,1025.3,0.99334,1.05275
46:40.4,17:34.2,0.25,29.2,1025.5,0.99346,1.05333
46:42.3,17:36.1,0.25,29.2,1025.3,0.99359,1.0544
46:44.3,17:38.2,0.24,29.2,1025.2,0.99375,1.05519
46:46.3,17:40.1,0.24,29.2,1025.3,0.99386,1.05593
46:48.2,17:42.1,0.24,29.2,1025.6,0.994,1.05642
46:50.3,17:44.1,0.24,29.2,1025.7,0.99413,1.05618
46:52.2,17:46.0,0.24,29.2,1025.5,0.99425,1.05643
46:54.2,17:48.0,0.24,29.2,1025.6,0.99437,1.05615
46:56.3,17:50.1,0.24,29.2,1025.6,0.99452,1.05784
46:58.3,17:52.2,0.24,29.2,1025.5,0.99465,1.05878
47:00.3,17:54.1,0.24,29.2,1025.6,0.99479,1.05891
47:02.2,17:56.1,0.23,29.2,1025.3,0.99493,1.05955
47:04.3,17:58.1,0.23,29.2,1025.6,0.99506,1.06026
47:06.3,18:00.1,0.23,29.2,1025.7,0.99518,1.06088
47:08.2,18:02.0,0.23,29.2,1025.9,0.99531,1.06151
49:40.2,20:34.0,0.17,29.2,1026.3,1.00486,1.09
49:42.2,20:36.1,0.17,29.2,1026.4,1.00497,1.08994
49:44.2,20:38.0,0.17,29.2,1026.4,1.0051,1.0901
49:46.2,20:40.0,0.17,29.3,1026.4,1.0052,1.09044
49:48.2,20:42.0,0.17,29.3,1026.4,1.00533,1.09097
49:50.3,20:44.1,0.17,29.3,1026.4,1.00543,1.09134
49:52.3,20:46.1,0.17,29.3,1026.4,1.00553,1.09151
49:54.4,20:48.2,0.17,29.3,1026.4,1.00566,1.09174
49:56.3,20:50.2,0.17,29.3,1026.4,1.00576,1.0919
49:58.3,20:52.1,0.17,29.3,1026.3,1.00588,1.09201
50:00.2,20:54.1,0.17,29.3,1026.4,1.006,1.09254
50:02.3,20:56.1,0.17,29.3,1026.4,1.0061,1.09279
50:04.3,20:58.1,0.17,29.3,1026.3,1.00623,1.09287
50:06.3,21:00.2,0.17,29.3,1026.4,1.00633,1.09299
50:08.2,21:02.1,0.17,29.3,1026.3,1.00643,1.09338
50:10.3,21:04.1,0.17,29.3,1026.3,1.00655,1.09363
50:12.3,21:06.1,0.17,29.3,1026.4,1.00666,1.09389
50:14.2,21:08.1,0.17,29.3,1026.4,1.00679,1.09423
50:16.3,21:10.1,0.17,29.3,1026.4,1.00688,1.09437
50:18.4,21:12.2,0.17,29.3,1026.4,1.00702,1.09454
50:20.3,21:14.2,0.17,29.3,1026.3,1.00714,1.09476
50:22.2,21:16.1,0.16,29.3,1026.4,1.00726,1.09517
50:24.2,21:18.1,0.16,29.3,1026.4,1.00737,1.09529
50:26.2,21:20.1,0.16,29.4,1026.4,1.00748,1.09552
50:28.2,21:22.1,0.16,29.4,1026.3,1.00762,1.09607
50:30.3,21:24.1,0.16,29.4,1026.3,1.00774,1.09634
50:32.2,21:26.1,0.16,29.4,1026.4,1.00786,1.09662
50:34.3,21:28.2,0.16,29.4,1026.3,1.00798,1.0967
50:36.2,21:30.1,0.16,29.4,1026.4,1.0081,1.09682
50:38.3,21:32.2,0.16,29.4,1026.4,1.00822,1.09689
50:40.3,21:34.1,0.16,29.4,1026.4,1.00835,1.09745
50:42.2,21:36.1,0.16,29.4,1026.4,1.00848,1.09772
50:44.3,21:38.2,0.16,29.4,1026.4,1.0086,1.09787
50:46.3,21:40.1,0.16,29.4,1026.4,1.00875,1.09802
50:48.2,21:42.1,0.16,29.4,1026.4,1.00886,1.09828
50:50.2,21:44.1,0.16,29.4,1026.4,1.00898,1.0986
50:52.3,21:46.2,0.16,29.5,1026.3,1.00911,1.09895
50:54.3,21:48.1,0.16,29.5,1026.3,1.00924,1.09901
50:56.2,21:50.1,0.16,29.5,1026.4,1.00936,1.09917
50:58.2,21:52.1,0.16,29.5,1026.4,1.00949,1.09933
51:00.2,21:54.1,0.16,29.5,1026.4,1.00963,1.09954
51:02.4,21:56.2,0.16,29.5,1026.4,1.00974,1.09987
51:04.2,21:58.1,0.16,29.5,1026.4,1.00986,1.10002
51:06.2,22:00.1,0.16,29.5,1026.4,1.00999,1.10026
51:08.3,22:02.1,0.16,29.5,1026.3,1.01012,1.1006
51:10.3,22:04.1,0.16,29.6,1026.3,1.01025,1.10087
51:12.2,22:06.1,0.16,29.6,1026.4,1.01037,1.10105
51:14.3,22:08.1,0.16,29.6,1026.3,1.01049,1.10126
51:16.2,22:10.1,0.16,29.6,1026.4,1.01063,1.10137
51:18.3,22:12.1,0.16,29.6,1026.4,1.01075,1.10149
51:20.2,22:14.1,0.16,29.6,1026.4,1.01088,1.10186
51:22.2,22:16.1,0.16,29.6,1026.5,1.01101,1.1021
51:24.3,22:18.1,0.16,29.6,1026.4,1.01113,1.10229
51:26.3,22:20.2,0.16,29.6,1026.4,1.01127,1.10249
51:28.3,22:22.1,0.16,29.6,1026.4,1.01137,1.10256
51:30.2,22:24.1,0.15,29.6,1026.4,1.01151,1.10283
51:32.2,22:26.1,0.15,29.6,1026.4,1.01163,1.10313
51:34.2,22:28.1,0.15,29.6,1026.3,1.01175,1.1033
51:36.2,22:30.1,0.15,29.7,1026.4,1.01188,1.10353
51:38.3,22:32.1,0.15,29.7,1026.4,1.012,1.10374
51:40.3,22:34.2,0.15,29.7,1026.4,1.01212,1.10403
51:42.3,22:36.1,0.15,29.7,1026.4,1.01225,1.10417
51:44.2,22:38.1,0.15,29.7,1026.4,1.01239,1.10434
51:46.3,22:40.1,0.15,29.7,1026.4,1.01252,1.10452
51:48.2,22:42.1,0.15,29.7,1026.4,1.01263,1.10474
51:50.3,22:44.1,0.15,29.7,1026.4,1.01275,1.10487
51:52.3,22:46.1,0.15,29.7,1026.3,1.0129,1.10513
51:54.3,22:48.2,0.15,29.7,1026.3,1.01302,1.10532
51:56.2,22:50.1,0.15,29.7,1026.3,1.01313,1.10554
51:58.3,22:52.2,0.15,29.7,1026.4,1.01326,1.10573
52:00.3,22:54.1,0.15,29.7,1026.4,1.01338,1.10592
52:02.3,22:56.1,0.15,29.7,1026.3,1.01351,1.10615
52:04.2,22:58.0,0.15,29.7,1026.4,1.01363,1.10635
52:06.2,23:00.1,0.15,29.7,1026.4,1.01376,1.10649
52:08.3,23:02.2,0.15,29.7,1026.4,1.01387,1.10663
52:10.3,23:04.1,0.15,29.7,1026.3,1.01399,1.1068
52:12.2,23:06.1,0.15,29.7,1026.4,1.01412,1.10703
52:14.2,23:08.1,0.15,29.7,1026.3,1.01425,1.10724
52:16.3,23:10.1,0.15,29.7,1026.4,1.01437,1.1074
52:18.3,23:12.2,0.15,29.7,1026.4,1.0145,1.10759
52:20.3,23:14.1,0.15,29.7,1026.3,1.01463,1.10777
52:22.2,23:16.1,0.15,29.7,1026.3,1.01475,1.10788
14:20.4,45:14.2,0.13,31.2,1026.4,1.08516,1.19052
14:22.3,45:16.2,0.13,31.2,1026.3,1.08527,1.19065
14:24.3,45:18.2,0.13,31.2,1026.1,1.08538,1.19077
14:26.3,45:20.2,0.13,31.2,1026.1,1.0855,1.1909
14:28.4,45:22.3,0.13,31.2,1026.3,1.08562,1.19104
14:30.4,45:24.2,0.13,31.2,1026.3,1.08573,1.19115
14:32.3,45:26.2,0.13,31.2,1026.3,1.08585,1.1913
