timestamp,o3_ppm,temp_c,pressure_mbar
2026-01-11 21:08:16.172078,0.0,21.9,1022.0
2026-01-11 21:08:18.303355,0.0,21.9,1022.0
2026-01-11 21:08:20.153915,0.0,21.9,1022.0
2026-01-11 21:08:22.179846,0.0,21.9,1021.9
2026-01-11 21:08:24.165239,0.01,21.9,1021.9
2026-01-11 21:08:26.174351,0.01,21.9,1021.7
2026-01-11 21:08:28.178548,0.01,21.9,1021.7
2026-01-11 21:08:30.174173,0.01,21.9,1021.9
2026-01-11 21:08:32.179285,0.01,21.9,1021.9
2026-01-11 21:08:34.166872,0.01,21.9,1021.9
2026-01-11 21:08:36.182513,0.0,21.9,1021.9
2026-01-11 21:08:38.183024,0.0,21.9,1021.7
2026-01-11 21:08:40.173766,0.0,21.9,1021.7
2026-01-11 21:08:42.162962,0.01,21.9,1021.9
2026-01-11 21:08:44.170440,0.01,21.9,1021.5
2026-01-11 21:08:46.180750,0.01,21.9,1021.7
2026-01-11 21:08:48.181492,0.01,21.9,1021.9
2026-01-11 21:08:50.180696,0.01,21.9,1021.7
2026-01-11 21:08:52.178118,0.01,21.9,1021.7
2026-01-11 21:08:54.176494,0.01,21.9,1021.7
2026-01-11 21:08:56.174901,0.01,21.9,1021.7
2026-01-11 21:08:58.167171,0.01,21.9,1021.7
2026-01-11 21:09:07.488229,0.01,21.9,1021.9
2026-01-11 21:09:10.033331,0.01,21.9,1021.9
2026-01-11 21:09:10.036640,0.01,21.9,1021.7
2026-01-11 21:09:13.480270,0.01,21.9,1021.7
2026-01-11 21:09:15.485860,0.01,21.9,1021.7
2026-01-11 21:09:16.473976,0.01,21.9,1021.7
2026-01-11 21:09:19.496558,0.01,21.9,1021.9
2026-01-11 21:09:21.375241,0.01,21.9,1021.7
2026-01-11 21:09:21.961874,0.01,21.9,1021.5
2026-01-11 21:09:23.966914,0.01,21.9,1021.7
2026-01-11 21:09:26.026429,0.01,21.9,1021.9
2026-01-11 21:09:27.897856,0.01,21.9,1021.7
2026-01-11 21:09:29.904157,0.01,21.9,1021.9
2026-01-11 21:09:31.902211,0.01,22.0,1021.9
2026-01-11 21:09:33.907835,0.01,22.0,1021.7
2026-01-11 21:09:35.897592,0.01,22.0,1021.7
2026-01-11 21:09:37.909649,0.01,22.0,1021.6
2026-01-11 21:09:40.037717,0.01,22.0,1021.5
2026-01-11 21:09:41.993101,0.01,22.0,1021.7
2026-01-11 21:09:43.902281,0.01,22.1,1021.7
2026-01-11 21:09:45.928933,0.01,22.1,1021.7
2026-01-11 21:09:47.952144,0.01,22.1,1021.7
2026-01-11 21:09:50.008746,0.01,22.2,1021.9
2026-01-11 21:09:51.970921,0.01,22.2,1021.6
2026-01-11 21:09:53.904277,0.01,22.2,1021.6
2026-01-11 21:09:55.910863,0.01,22.2,1021.6
2026-01-11 21:09:57.908656,0.01,22.3,1021.7
2026-01-11 21:09:59.902634,0.01,22.3,1021.9
2026-01-11 21:10:01.954282,0.01,22.3,1021.7
2026-01-11 21:10:03.912022,0.01,22.3,1021.7
2026-01-11 21:10:05.969330,0.01,22.4,1021.7
2026-01-11 21:10:07.894624,0.01,22.4,1021.7
2026-01-11 21:10:09.900495,0.01,22.4,1021.6
2026-01-11 21:10:11.905065,0.01,22.4,1021.7
2026-01-11 21:10:14.011944,0.01,22.4,1021.7
2026-01-11 21:10:15.912660,0.01,22.4,1021.9
2026-01-11 21:10:17.938253,0.01,22.4,1021.7
2026-01-11 21:10:20.965539,0.01,22.4,1021.6
2026-01-11 21:10:23.178688,0.01,22.4,1021.7
2026-01-11 21:10:25.166938,0.01,22.4,1021.6
2026-01-11 21:10:25.918472,0.01,22.4,1021.7
2026-01-11 21:10:29.910976,0.01,22.4,1021.7
2026-01-11 21:10:32.030228,0.01,22.4,1021.9
2026-01-11 21:10:33.974003,0.01,22.4,1021.6
2026-01-11 21:10:35.923614,0.01,22.4,1021.7
2026-01-11 21:10:37.989535,0.01,22.4,1021.7
2026-01-11 21:10:41.917988,0.01,22.4,1021.7
2026-01-11 21:10:43.914110,0.01,22.4,1021.7
2026-01-11 21:10:46.025537,0.01,22.4,1021.9
2026-01-11 21:10:50.038757,0.01,22.4,1021.7
2026-01-11 21:10:51.991875,0.01,22.4,1021.7
2026-01-11 21:10:53.933301,0.01,22.4,1021.6
2026-01-11 21:10:56.012605,0.01,22.4,1021.7
2026-01-11 21:10:57.925486,0.01,22.4,1021.7
2026-01-11 21:11:00.025732,0.01,22.4,1021.7
2026-01-11 21:11:01.916972,0.01,22.4,1021.7
2026-01-11 21:11:04.044399,0.01,22.4,1021.7
2026-01-11 21:11:05.916097,0.01,22.4,1021.6
2026-01-11 21:11:07.960899,0.01,22.4,1021.7
2026-01-11 21:11:10.012360,0.01,22.4,1021.5
2026-01-11 21:11:11.916399,0.01,22.4,1021.7
2026-01-11 21:11:14.033535,0.01,22.4,1021.6
2026-01-11 21:11:15.916546,0.01,22.4,1021.7
2026-01-11 21:11:18.042516,0.01,22.4,1021.7
2026-01-11 21:11:19.917388,0.01,22.4,1021.7
2026-01-11 21:11:42.334054,0.01,22.4,1021.7
2026-01-11 21:11:42.334054,0.01,22.4,1021.7
2026-01-11 21:11:45.045203,0.01,22.4,1021.7
2026-01-11 21:11:46.323388,0.01,22.4,1021.6
2026-01-11 21:11:48.337300,0.01,22.4,1021.6
2026-01-11 21:11:50.333692,0.01,22.4,1021.7
2026-01-11 21:11:52.351684,0.01,22.5,1021.6
2026-01-11 21:11:56.335576,0.01,22.5,1021.7
2026-01-11 21:11:58.345593,0.01,22.5,1021.7
2026-01-11 21:12:00.413535,0.01,22.5,1021.9
2026-01-11 21:12:02.350563,0.01,22.6,1021.7
2026-01-11 21:12:03.980581,0.01,22.6,1021.6
2026-01-11 21:12:06.354976,0.01,22.6,1021.9
2026-01-11 21:12:08.383389,0.01,22.7,1021.7
2026-01-11 21:12:09.918206,0.01,22.7,1021.7
2026-01-11 21:12:14.339461,0.01,22.7,1021.7
2026-01-11 21:12:16.352091,0.01,22.8,1021.9
2026-01-11 21:12:18.331324,0.01,22.8,1021.7
2026-01-11 21:12:20.348900,0.01,22.8,1021.6
2026-01-11 21:12:22.335041,0.01,22.8,1021.7
2026-01-11 21:12:24.337926,0.01,22.8,1021.9
2026-01-11 21:12:26.332413,0.01,22.9,1021.9
2026-01-11 21:12:28.350281,0.01,22.9,1021.7
2026-01-11 21:12:30.337401,0.01,22.9,1021.7
2026-01-11 21:12:32.418346,0.01,22.9,1021.9
2026-01-11 21:12:34.319043,0.01,22.9,1021.7
2026-01-11 21:12:36.327524,0.01,22.9,1021.9
2026-01-11 21:12:38.329499,0.01,22.9,1021.9
2026-01-11 21:12:40.334327,0.01,22.9,1021.7
2026-01-11 21:12:42.318292,0.01,22.9,1021.7
2026-01-11 21:12:44.342804,0.01,22.9,1021.9
2026-01-11 21:12:46.350583,0.01,22.9,1021.9
2026-01-11 21:12:48.341241,0.01,22.9,1021.9
2026-01-11 21:12:50.357775,0.01,22.9,1021.7
2026-01-11 21:12:52.345352,0.01,22.9,1021.9
2026-01-11 21:12:54.325640,0.01,22.9,1021.7
2026-01-11 21:12:56.326648,0.01,22.9,1021.7
2026-01-11 21:12:58.339729,0.01,22.9,1021.9
2026-01-11 21:13:00.334551,0.01,22.9,1021.9
2026-01-11 21:13:02.415140,0.01,22.9,1021.9
2026-01-11 21:13:06.339009,0.01,22.9,1021.7
2026-01-11 21:13:08.385971,0.01,22.9,1021.7
2026-01-11 21:13:10.321202,0.01,22.9,1021.7
2026-01-11 21:13:12.329082,0.01,22.9,1021.7
2026-01-11 21:13:14.322679,0.01,22.9,1021.7
2026-01-11 21:13:16.349742,0.01,22.9,1021.7
2026-01-11 21:13:18.371538,0.01,22.9,1021.9
2026-01-11 21:13:20.390903,0.01,22.9,1021.7
2026-01-11 21:13:22.321180,0.01,22.9,1021.7
2026-01-11 21:13:24.339487,0.01,22.9,1021.7
2026-01-11 21:13:26.348417,0.01,22.9,1021.7
2026-01-11 21:13:28.336514,0.01,22.9,1021.7
2026-01-11 21:13:30.355726,0.01,22.9,1021.7
2026-01-11 21:13:32.421129,0.01,22.9,1021.6
2026-01-11 21:13:34.390619,0.01,22.9,1021.7
2026-01-11 21:13:36.331862,0.01,22.9,1021.7
2026-01-11 21:13:38.348194,0.01,22.9,1021.7
2026-01-11 21:13:40.377728,0.01,22.9,1021.3
2026-01-11 21:13:42.378830,0.01,22.9,1021.7
2026-01-11 21:13:44.336278,0.01,22.9,1021.7
2026-01-11 21:13:46.333951,0.01,22.9,1021.5
2026-01-11 21:13:48.367714,0.01,22.9,1021.7
2026-01-11 21:13:50.330889,0.01,22.9,1021.9
2026-01-11 21:13:51.969804,0.01,22.9,1021.7
2026-01-11 21:13:55.988206,0.01,22.9,1021.7
2026-01-11 21:13:57.925030,0.01,22.9,1021.7
2026-01-11 21:13:59.929632,0.01,22.9,1021.7
2026-01-11 21:14:01.955797,0.01,22.9,1021.7
2026-01-11 21:14:03.922130,0.01,22.9,1021.7
2026-01-11 21:14:05.949610,0.01,22.9,1021.7
2026-01-11 21:14:07.931502,0.01,22.9,1021.9
2026-01-11 21:14:09.923575,0.01,22.9,1021.6
2026-01-11 21:14:12.050311,0.01,23.0,1021.7
2026-01-11 21:14:13.922125,0.01,23.0,1021.7
2026-01-11 21:14:15.925292,0.01,23.0,1021.7
2026-01-11 21:14:18.021090,0.01,23.0,1021.7
2026-01-11 21:14:19.941002,0.01,23.0,1021.7
2026-01-11 21:14:21.923055,0.01,23.1,1021.7
2026-01-11 21:14:23.988315,0.01,23.1,1021.5
2026-01-11 21:14:25.921194,0.01,23.2,1021.6
2026-01-11 21:14:27.923179,0.01,23.2,1021.7
2026-01-11 21:14:29.965863,0.01,23.2,1021.7
2026-01-11 21:14:31.923615,0.01,23.2,1021.6
2026-01-11 21:14:34.004794,0.01,23.2,1021.7
2026-01-11 21:14:35.924802,0.01,23.3,1021.7
2026-01-11 21:14:38.342723,0.01,23.3,1021.7
2026-01-11 21:14:40.373552,0.01,23.3,1021.6
2026-01-11 21:14:42.333402,0.01,23.3,1021.5
2026-01-11 21:14:43.961214,0.01,23.3,1021.6
2026-01-11 21:14:45.968046,0.01,23.4,1021.7
2026-01-11 21:14:50.038322,0.01,23.4,1021.7
2026-01-11 21:14:51.992582,0.01,23.4,1021.7
2026-01-11 21:14:53.923877,0.01,23.4,1021.7
2026-01-11 21:14:56.032337,0.01,23.4,1021.3
2026-01-11 21:14:57.974659,0.01,23.4,1021.7
2026-01-11 21:15:00.026827,0.01,23.4,1021.7
2026-01-11 21:15:01.925640,0.01,23.4,1021.5
2026-01-11 21:15:03.944376,0.01,23.4,1021.5
2026-01-11 21:15:05.998764,0.01,23.4,1021.9
2026-01-11 21:15:07.932078,0.01,23.4,1021.5
2026-01-11 21:15:09.923739,0.01,23.4,1021.7
2026-01-11 21:15:11.928076,0.01,23.4,1021.7
2026-01-11 21:15:14.081227,0.01,23.4,1021.9
2026-01-11 21:15:15.944754,0.01,23.4,1021.6
2026-01-11 21:15:18.346122,0.01,23.4,1021.6
2026-01-11 21:15:20.337743,0.01,23.4,1021.6
2026-01-11 21:15:22.368637,0.01,23.4,1021.6
2026-01-11 21:15:24.321567,0.01,23.4,1021.7
2026-01-11 21:15:26.327452,0.01,23.4,1021.7
2026-01-11 21:15:28.332087,0.01,23.4,1021.5
2026-01-11 21:15:30.334071,0.01,23.4,1021.6
2026-01-11 21:15:32.381525,0.01,23.4,1021.6
2026-01-11 21:15:34.383327,0.01,23.4,1021.9
2026-01-11 21:15:35.925219,0.01,23.4,1021.7
2026-01-11 21:15:37.927377,0.01,23.4,1021.7
2026-01-11 21:15:41.927037,0.01,23.4,1021.5
2026-01-11 21:15:43.989359,0.01,23.4,1021.6
2026-01-11 21:15:48.018735,0.01,23.4,1021.3
2026-01-11 21:15:49.967965,0.01,23.4,1021.7
2026-01-11 21:15:51.928871,0.01,23.4,1021.5
2026-01-11 21:15:54.328469,0.01,23.4,1021.7
2026-01-11 21:15:56.338099,0.01,23.4,1021.5
2026-01-11 21:15:58.351045,0.01,23.4,1021.5
2026-01-11 23:25:10.165405,-0.01,20.6,1022.3,0.12793,0.14106,12,1,26,4,10,30,0.0,-999.0
2026-01-11 23:25:10.168448,0.0,20.5,1022.1,0.16395,0.18022,12,1,26,4,10,32,0.0,-999.0
2026-01-11 23:25:12.895794,0.0,20.5,1022.1,0.22171,0.24309,12,1,26,4,10,34,0.0,-999.0
2026-01-11 23:25:16.797975,0.0,20.5,1022.1,0.24092,0.26397,12,1,26,4,10,36,0.0,-999.0
2026-01-11 23:25:16.797975,0.0,20.5,1022.1,0.25468,0.27896,12,1,26,4,10,38,0.0,17.4
2026-01-11 23:25:19.801158,0.0,20.5,1022.1,0.26645,0.29179,12,1,26,4,10,40,0.0,-999.0
2026-01-11 23:25:19.815909,0.0,20.5,1022.1,0.27623,0.30246,12,1,26,4,10,42,0.0,17.4
2026-01-11 23:25:22.814035,0.0,20.5,1022.1,0.28384,0.31076,12,1,26,4,10,44,0.0,-999.0
2026-01-11 23:25:25.814191,0.0,20.5,1022.1,0.28878,0.31618,12,1,26,4,10,46,0.0,17.4
2026-01-11 23:25:25.814191,0.0,20.5,1022.1,0.29055,0.31813,12,1,26,4,10,48,0.0,-999.0
2026-01-11 23:25:28.822182,0.0,20.5,1022.1,0.28761,0.31498,12,1,26,4,10,50,0.0,-999.0
2026-01-11 23:25:31.803728,0.0,20.5,1022.1,0.27693,0.30345,12,1,26,4,10,52,0.0,-999.0
2026-01-11 23:25:31.814465,0.0,20.5,1022.1,0.26457,0.28991,12,1,26,4,10,54,0.0,-999.0
2026-01-11 23:25:34.802651,0.0,20.6,1022.1,0.25387,0.27809,12,1,26,4,10,56,0.0,17.2
2026-01-11 23:25:37.806183,0.0,20.6,1022.1,0.24409,0.26726,12,1,26,4,10,58,0.0,-999.0
2026-01-11 23:25:37.806183,0.0,20.6,1022.1,0.24302,0.2661,12,1,26,4,11,0,0.0,17.2
2026-01-11 23:25:40.801027,0.0,20.7,1022.1,0.24586,0.26921,12,1,26,4,11,2,0.0,17.0
2026-01-11 23:25:43.808209,0.0,20.7,1022.3,0.25146,0.27533,12,1,26,4,11,4,0.0,17.3
2026-01-11 23:25:43.814584,0.0,20.8,1022.1,0.25878,0.28332,12,1,26,4,11,6,0.0,17.0
2026-01-11 23:25:45.504246,0.0,20.8,1022.1,0.26711,0.2924,12,1,26,4,11,8,0.0,17.3
2026-01-11 23:25:47.268052,0.0,20.8,1022.1,0.27604,0.30214,12,1,26,4,11,10,0.0,17.2
2026-01-11 23:25:49.319590,0.0,20.8,1022.1,0.28534,0.31231,12,1,26,4,11,12,0.0,-999.0
2026-01-11 23:25:51.250374,0.0,20.9,1022.1,0.29495,0.32281,12,1,26,4,11,14,0.0,-999.0
2026-01-11 23:25:53.260673,0.0,20.9,1022.1,0.30491,0.33367,12,1,26,4,11,16,0.0,-999.0
2026-01-11 23:25:55.813527,0.0,20.9,1022.1,0.31522,0.34491,12,1,26,4,11,18,0.0,-999.0
2026-01-11 23:25:57.224047,0.0,20.9,1022.1,0.32631,0.35703,12,1,26,4,11,20,0.0,17.2
2026-01-11 23:26:01.817415,0.0,20.9,1022.1,0.33956,0.37147,12,1,26,4,11,22,0.0,17.2
2026-01-11 23:26:01.817415,0.0,20.9,1022.1,0.35023,0.38314,12,1,26,4,11,24,0.0,17.2
2026-01-11 23:26:04.802848,0.0,20.9,1022.1,0.36092,0.39478,12,1,26,4,11,26,0.0,-999.0
2026-01-11 23:26:07.815353,0.01,20.9,1022.1,0.3711,0.40588,12,1,26,4,11,28,0.0,17.2
2026-01-11 23:26:07.817420,0.01,20.9,1022.1,0.38058,0.41622,12,1,26,4,11,30,0.0,17.2
2026-01-11 23:26:10.817755,0.01,20.9,1022.1,0.38936,0.42582,12,1,26,4,11,32,0.0,17.2
2026-01-11 23:26:13.812816,0.01,20.9,1022.1,0.39737,0.43455,12,1,26,4,11,34,0.0,17.4
2026-01-11 23:26:13.818216,0.01,20.9,1022.1,0.40458,0.44243,12,1,26,4,11,36,0.0,17.3
2026-01-11 23:26:16.821232,0.01,20.9,1022.1,0.4114,0.44988,12,1,26,4,11,38,0.0,17.4
2026-01-11 23:26:19.797520,0.01,20.9,1022.1,0.41806,0.45716,12,1,26,4,11,40,0.0,-999.0
2026-01-11 23:26:19.797520,0.01,20.9,1022.1,0.42457,0.46428,12,1,26,4,11,42,0.0,17.4
2026-01-11 23:26:22.815132,0.01,20.9,1022.1,0.43097,0.47128,12,1,26,4,11,44,0.0,17.2
2026-01-11 23:26:25.817193,0.01,20.9,1022.1,0.43725,0.47813,12,1,26,4,11,46,0.0,17.2
2026-01-11 23:26:25.817193,0.01,20.9,1022.1,0.4434,0.48486,12,1,26,4,11,48,0.0,17.3
2026-01-11 23:26:28.001986,0.01,20.9,1022.1,0.44942,0.49143,12,1,26,4,11,50,0.0,17.2
2026-01-11 23:26:31.819087,0.01,20.9,1022.0,0.45531,0.49787,12,1,26,4,11,52,0.0,17.3
2026-01-11 23:26:31.823308,0.01,20.9,1022.1,0.46106,0.50416,12,1,26,4,11,54,0.0,-999.0
2026-01-11 23:26:34.817506,0.01,20.9,1022.1,0.46669,0.5103,12,1,26,4,11,56,0.0,17.2
2026-01-11 23:26:37.796472,0.01,20.9,1022.1,0.47215,0.51627,12,1,26,4,11,58,0.0,-999.0
2026-01-11 23:26:37.796472,0.01,20.9,1022.1,0.47747,0.52208,12,1,26,4,12,0,0.0,-999.0
2026-01-11 23:26:40.550644,0.01,20.9,1022.1,0.48266,0.52775,12,1,26,4,12,2,0.0,17.5
2026-01-11 23:26:43.817792,0.01,20.9,1022.1,0.4877,0.53326,12,1,26,4,12,4,0.0,-999.0
2026-01-11 23:26:43.824056,0.01,20.9,1022.1,0.4926,0.53861,12,1,26,4,12,6,0.0,17.2
2026-01-11 23:26:46.354095,0.01,20.9,1022.1,0.49737,0.54383,12,1,26,4,12,8,0.0,17.1
2026-01-11 23:26:48.493339,0.01,20.9,1022.1,0.502,0.54888,12,1,26,4,12,10,0.0,17.4
2026-01-11 23:26:49.804378,0.01,20.9,1022.1,0.50649,0.55378,12,1,26,4,12,12,0.0,17.1
2026-01-11 23:26:52.814609,0.01,20.9,1022.1,0.51084,0.55854,12,1,26,4,12,14,0.0,-999.0
2026-01-11 23:26:55.810264,0.01,20.9,1022.1,0.51503,0.56314,12,1,26,4,12,16,0.0,17.2
2026-01-11 23:26:55.810264,0.01,20.9,1022.1,0.51907,0.56753,12,1,26,4,12,18,0.0,-999.0
2026-01-11 23:26:58.813805,0.01,20.9,1022.1,0.5229,0.57173,12,1,26,4,12,20,0.0,17.2
2026-01-11 23:26:59.306764,0.01,20.9,1022.1,0.5263,0.57543,12,1,26,4,12,22,0.0,-999.0
2026-01-11 23:27:01.816302,0.01,20.9,1022.1,0.52899,0.57838,12,1,26,4,12,24,0.0,-999.0
2026-01-11 23:27:03.510393,0.01,20.9,1022.1,0.53224,0.58193,12,1,26,4,12,26,0.0,17.4
2026-01-11 23:27:07.809798,0.01,20.9,1022.0,0.53551,0.5855,12,1,26,4,12,28,0.0,17.2
2026-01-11 23:27:07.809798,0.01,20.9,1022.1,0.53871,0.58898,12,1,26,4,12,30,0.0,17.4
2026-01-11 23:27:10.809019,0.01,20.9,1022.1,0.54182,0.59237,12,1,26,4,12,32,0.0,-999.0
2026-01-11 23:27:11.514719,0.01,20.9,1022.0,0.54483,0.59567,12,1,26,4,12,34,0.0,17.3
2026-01-11 23:27:13.807128,0.01,20.9,1022.1,0.54776,0.59887,12,1,26,4,12,36,0.0,-999.0
2026-01-11 23:27:16.803120,0.01,20.9,1022.0,0.55058,0.60194,12,1,26,4,12,38,0.0,-999.0
2026-01-11 23:27:19.806877,0.01,20.9,1022.1,0.55329,0.6049,12,1,26,4,12,40,0.0,-999.0
2026-01-11 23:27:19.820211,0.01,20.9,1022.0,0.55591,0.60774,12,1,26,4,12,42,0.0,-999.0
2026-01-11 23:27:23.175195,0.01,20.9,1022.1,0.55842,0.61049,12,1,26,4,12,44,0.0,17.3
2026-01-11 23:27:26.167595,0.01,20.9,1022.1,0.56083,0.61311,12,1,26,4,12,46,0.0,-999.0
2026-01-11 23:27:26.167595,0.01,20.9,1022.1,0.56314,0.61565,12,1,26,4,12,48,0.0,17.4
2026-01-11 23:27:29.170353,0.01,21.0,1022.0,0.56535,0.61805,12,1,26,4,12,50,0.0,17.1
2026-01-11 23:27:32.172946,0.01,21.0,1022.1,0.56747,0.62036,12,1,26,4,12,52,0.0,17.3
2026-01-11 23:27:32.172946,0.01,21.0,1022.0,0.56948,0.62256,12,1,26,4,12,54,0.0,17.2
2026-01-11 23:27:35.176793,0.01,21.0,1022.0,0.57142,0.62467,12,1,26,4,12,56,0.0,-999.0
2026-01-11 23:27:38.179824,0.01,21.0,1022.1,0.57327,0.62667,12,1,26,4,12,58,0.0,17.2
2026-01-11 23:27:38.185066,0.01,21.0,1022.1,0.57502,0.62859,12,1,26,4,13,0,0.0,-999.0
2026-01-11 23:27:41.167080,0.01,21.0,1022.1,0.57668,0.6304,12,1,26,4,13,2,0.0,-999.0
2026-01-11 23:27:44.175981,0.01,21.1,1022.0,0.57826,0.63212,12,1,26,4,13,4,0.0,17.2
2026-01-11 23:27:44.182761,0.01,21.1,1022.0,0.57978,0.63377,12,1,26,4,13,6,0.0,-999.0
2026-01-11 23:27:47.178179,0.01,21.1,1022.0,0.58122,0.63534,12,1,26,4,13,8,0.0,17.1
2026-01-11 23:27:50.165684,0.01,21.2,1022.0,0.58258,0.63682,12,1,26,4,13,10,0.0,-999.0
2026-01-11 23:27:50.165684,0.01,21.2,1022.1,0.58389,0.63827,12,1,26,4,13,12,0.0,17.2
2026-01-11 23:27:53.172335,0.01,21.2,1022.1,0.58517,0.63963,12,1,26,4,13,14,0.0,17.2
2026-01-11 23:27:56.175181,0.01,21.3,1022.0,0.58644,0.64105,12,1,26,4,13,16,0.0,17.1
2026-01-11 23:27:56.175181,0.01,21.3,1022.0,0.59285,0.64798,12,1,26,4,13,18,0.0,17.2
2026-01-11 23:27:59.174469,0.01,21.3,1022.0,0.59395,0.64918,12,1,26,4,13,20,0.0,-999.0
2026-01-11 23:28:02.173123,0.01,21.3,1022.0,0.59498,0.65029,12,1,26,4,13,22,0.0,17.1
2026-01-11 23:28:02.174216,0.01,21.4,1022.0,0.59596,0.65136,12,1,26,4,13,24,0.0,-999.0
2026-01-11 23:28:05.157134,0.01,21.4,1022.1,0.59686,0.65236,12,1,26,4,13,26,0.0,17.1
2026-01-11 23:28:08.164294,0.01,21.4,1022.1,0.59775,0.65333,12,1,26,4,13,28,0.0,-999.0
2026-01-11 23:28:08.179990,0.01,21.4,1022.0,0.59859,0.65422,12,1,26,4,13,30,0.0,17.2
2026-01-11 23:28:11.171704,0.01,21.4,1022.0,0.59939,0.6551,12,1,26,4,13,32,0.0,-999.0
2026-01-11 23:28:14.164536,0.01,21.4,1022.1,0.60017,0.65597,12,1,26,4,13,34,0.0,17.2
2026-01-11 23:28:14.164536,0.01,21.4,1022.0,0.60093,0.65679,12,1,26,4,13,36,0.0,17.2
2026-01-11 23:28:17.162957,0.01,21.4,1022.0,0.60166,0.65761,12,1,26,4,13,38,0.0,17.1
2026-01-11 23:28:20.164654,0.01,21.4,1022.0,0.60237,0.65842,12,1,26,4,13,40,0.0,17.0
2026-01-11 23:28:20.164654,0.01,21.4,1022.0,0.60309,0.65918,12,1,26,4,13,42,0.0,-999.0
2026-01-11 23:28:32.172680,0.01,21.4,1022.0,0.60377,0.65995,12,1,26,4,13,44,0.0,-999.0
2026-01-11 23:28:32.172680,0.01,21.4,1022.1,0.60444,0.66068,12,1,26,4,13,46,0.0,-999.0
2026-01-11 23:28:32.178006,0.01,21.4,1022.0,0.6051,0.6614,12,1,26,4,13,48,0.0,-999.0
2026-01-11 23:28:32.178006,0.01,21.4,1022.0,0.60572,0.66212,12,1,26,4,13,50,0.0,17.1
2026-01-11 23:28:32.180019,0.01,21.4,1022.0,0.60635,0.6628,12,1,26,4,13,52,0.0,-999.0
2026-01-11 23:28:32.180019,0.01,21.4,1022.0,0.60695,0.66347,12,1,26,4,13,54,0.0,17.1
2026-01-11 23:28:35.172659,0.01,21.4,1022.0,0.60751,0.66412,12,1,26,4,13,56,0.0,-999.0
2026-01-11 23:28:38.165164,0.01,21.4,1022.0,0.60808,0.66474,12,1,26,4,13,58,0.0,17.2
2026-01-11 23:28:38.165164,0.01,21.4,1022.0,0.60863,0.66537,12,1,26,4,14,0,0.0,-999.0
2026-01-11 23:28:41.168603,0.01,21.4,1022.0,0.60918,0.66598,12,1,26,4,14,2,0.0,17.1
2026-01-11 23:28:44.167647,0.01,21.4,1022.0,0.6097,0.66657,12,1,26,4,14,4,0.0,17.2
2026-01-11 23:28:44.173110,0.01,21.4,1022.0,0.61023,0.66716,12,1,26,4,14,6,0.0,17.2
2026-01-11 23:28:47.174721,0.01,21.4,1022.1,0.61073,0.66774,12,1,26,4,14,8,0.0,17.1
2026-01-11 23:28:50.159887,0.01,21.4,1022.0,0.61125,0.66832,12,1,26,4,14,10,0.0,-999.0
2026-01-11 23:28:50.173298,0.01,21.4,1022.0,0.61175,0.66888,12,1,26,4,14,12,0.0,17.2
2026-01-11 23:28:53.174658,0.01,21.4,1022.1,0.61225,0.66943,12,1,26,4,14,14,0.0,-999.0
2026-01-11 23:28:56.160983,0.01,21.4,1022.0,0.61271,0.66996,12,1,26,4,14,16,0.0,17.1
2026-01-11 23:28:56.160983,0.01,21.4,1022.0,0.61317,0.67048,12,1,26,4,14,18,0.0,-999.0
2026-01-11 23:28:59.183908,0.01,21.4,1022.1,0.61361,0.67097,12,1,26,4,14,20,0.0,-999.0
2026-01-11 23:29:02.168734,0.01,21.4,1022.1,0.61402,0.67146,12,1,26,4,14,22,0.0,-999.0
2026-01-11 23:29:02.168734,0.01,21.4,1022.1,0.60148,0.65776,12,1,26,4,14,24,0.0,-999.0
2026-01-11 23:29:05.174806,0.01,21.4,1022.0,0.60147,0.65775,12,1,26,4,14,26,0.0,17.0
2026-01-11 23:29:08.174040,0.01,21.4,1022.0,0.60158,0.65789,12,1,26,4,14,28,0.0,-999.0
2026-01-11 23:29:08.182231,0.01,21.4,1022.0,0.60173,0.65807,12,1,26,4,14,30,0.0,17.2
2026-01-11 23:29:11.178963,0.01,21.4,1022.0,0.60192,0.65829,12,1,26,4,14,32,0.0,17.1
2026-01-11 23:29:14.168038,0.01,21.4,1022.0,0.60212,0.65851,12,1,26,4,14,34,0.0,17.2
2026-01-11 23:29:14.173588,0.01,21.4,1022.1,0.60234,0.65875,12,1,26,4,14,36,0.0,-999.0
2026-01-11 23:29:17.168781,0.01,21.4,1022.0,0.60256,0.65901,12,1,26,4,14,38,0.0,17.2
2026-01-11 23:29:20.172593,0.01,21.4,1022.1,0.60279,0.65927,12,1,26,4,14,40,0.0,-999.0
2026-01-11 23:29:20.174823,0.01,21.4,1022.1,0.60302,0.65953,12,1,26,4,14,42,0.0,-999.0
2026-01-11 23:29:23.161625,0.01,21.4,1022.0,0.60323,0.65978,12,1,26,4,14,44,0.0,-999.0
2026-01-11 23:29:26.167070,0.01,21.4,1022.1,0.60346,0.66003,12,1,26,4,14,46,0.0,17.1
2026-01-11 23:29:26.172079,0.01,21.4,1022.0,0.60368,0.66028,12,1,26,4,14,48,0.0,-999.0
2026-01-11 23:29:29.172956,0.01,21.4,1022.1,0.60391,0.66055,12,1,26,4,14,50,0.0,-999.0
2026-01-11 23:29:32.178047,0.01,21.4,1022.0,0.60415,0.66082,12,1,26,4,14,52,0.0,-999.0
2026-01-11 23:29:32.182843,0.01,21.4,1022.0,0.60442,0.66112,12,1,26,4,14,54,0.0,17.1
2026-01-11 23:29:35.175436,0.0,21.4,1022.0,0.60468,0.66142,12,1,26,4,14,56,0.0,-999.0
2026-01-11 23:29:38.155057,0.0,21.4,1022.0,0.60496,0.66174,12,1,26,4,14,58,0.0,-999.0
2026-01-11 23:29:38.155057,0.0,21.4,1022.1,0.60525,0.66206,12,1,26,4,15,0,0.0,17.1
2026-01-11 23:29:41.156120,0.0,21.4,1022.0,0.60552,0.66239,12,1,26,4,15,2,0.0,-999.0
2026-01-11 23:29:44.177521,0.0,21.4,1022.0,0.60582,0.66272,12,1,26,4,15,4,0.0,17.0
2026-01-11 23:29:44.183107,0.0,21.4,1022.0,0.60614,0.66307,12,1,26,4,15,6,0.0,-999.0
2026-01-11 23:29:47.161691,0.0,21.5,1022.0,0.60647,0.66345,12,1,26,4,15,8,0.0,17.2
2026-01-11 23:29:50.166027,0.0,21.5,1022.0,0.6068,0.6638,12,1,26,4,15,10,0.0,-999.0
2026-01-11 23:29:50.172144,0.0,21.5,1022.0,0.60715,0.66421,12,1,26,4,15,12,0.0,-999.0
2026-01-11 23:29:53.163530,0.0,21.5,1022.1,0.60752,0.66462,12,1,26,4,15,14,0.0,-999.0
2026-01-11 23:29:56.164114,0.0,21.5,1022.0,0.60791,0.66504,12,1,26,4,15,16,0.0,17.0
2026-01-11 23:29:56.164114,0.0,21.5,1022.1,0.60833,0.66551,12,1,26,4,15,18,0.0,-999.0
2026-01-11 23:29:59.167195,0.0,21.6,1022.0,0.60874,0.66598,12,1,26,4,15,20,0.0,17.2
2026-01-11 23:30:02.165430,0.0,21.6,1022.0,0.6092,0.66649,12,1,26,4,15,22,0.0,-999.0
2026-01-11 23:30:02.167535,0.0,21.6,1022.0,0.60966,0.66698,12,1,26,4,15,24,0.0,17.1
2026-01-11 23:30:05.171838,0.0,21.7,1022.0,0.61013,0.6675,12,1,26,4,15,26,0.0,17.1
2026-01-11 23:30:08.165321,0.0,21.7,1022.0,0.61061,0.66802,12,1,26,4,15,28,0.0,17.1
2026-01-11 23:30:08.165321,0.0,21.7,1022.0,0.6111,0.66855,12,1,26,4,15,30,0.0,-999.0
2026-01-11 23:30:11.177614,0.0,21.7,1022.0,0.61157,0.66908,12,1,26,4,15,32,0.0,17.2
2026-01-11 23:30:14.171395,0.0,21.8,1022.0,0.61206,0.6696,12,1,26,4,15,34,0.0,-999.0
2026-01-11 23:30:14.171395,0.0,21.8,1022.0,0.61253,0.67013,12,1,26,4,15,36,0.0,-999.0
2026-01-11 23:30:17.172164,0.0,21.8,1022.0,0.61298,0.67062,12,1,26,4,15,38,0.0,-999.0
2026-01-11 23:30:20.171645,0.0,21.8,1022.0,0.61335,0.67103,12,1,26,4,15,40,0.0,17.1
2026-01-11 23:30:20.177660,0.0,21.9,1022.0,0.61382,0.67155,12,1,26,4,15,42,0.0,-999.0
2026-01-11 23:30:23.181926,0.0,21.9,1022.1,0.6143,0.67207,12,1,26,4,15,44,0.0,-999.0
2026-01-11 23:30:26.163686,0.0,21.9,1022.1,0.6148,0.67262,12,1,26,4,15,46,0.0,-999.0
2026-01-11 23:30:26.163686,0.0,21.9,1022.0,0.6153,0.67318,12,1,26,4,15,48,0.0,-999.0
2026-01-11 23:30:29.168384,0.0,21.9,1022.1,0.6158,0.67372,12,1,26,4,15,50,0.0,17.0
2026-01-11 23:30:32.170796,0.0,21.9,1022.0,0.61632,0.67429,12,1,26,4,15,52,0.0,-999.0
2026-01-11 23:30:32.170796,0.0,21.9,1022.0,0.61684,0.67486,12,1,26,4,15,54,0.0,17.1
2026-01-11 23:30:35.183101,0.0,21.9,1022.0,0.61735,0.67543,12,1,26,4,15,56,0.0,17.1
2026-01-11 23:30:38.172760,0.0,21.9,1022.0,0.61789,0.676,12,1,26,4,15,58,0.0,17.1
2026-01-11 23:30:38.172760,0.0,21.9,1022.1,0.61842,0.67657,12,1,26,4,16,0,0.0,17.0
2026-01-11 23:30:41.154997,0.0,21.9,1022.1,0.61894,0.67716,12,1,26,4,16,2,0.0,17.1
2026-01-11 23:30:44.173337,0.0,21.9,1022.0,0.61947,0.67774,12,1,26,4,16,4,0.0,17.0
2026-01-11 23:30:44.173337,0.0,21.9,1022.0,0.61999,0.67831,12,1,26,4,16,6,0.0,17.1
2026-01-11 23:30:47.181767,0.0,21.9,1022.0,0.62052,0.67888,12,1,26,4,16,8,0.0,17.1
2026-01-11 23:30:50.165814,0.0,21.9,1022.0,0.62105,0.67946,12,1,26,4,16,10,0.0,17.1
2026-01-11 23:30:50.165814,0.0,21.9,1022.0,0.62157,0.68003,12,1,26,4,16,12,0.0,17.0
2026-01-11 23:30:53.164465,0.0,21.9,1022.1,0.6221,0.68061,12,1,26,4,16,14,0.0,-999.0
2026-01-11 23:30:56.158415,0.0,21.9,1022.1,0.62263,0.68117,12,1,26,4,16,16,0.0,17.4
2026-01-11 23:30:56.158415,0.0,21.9,1022.0,0.62314,0.68175,12,1,26,4,16,18,0.0,-999.0
2026-01-11 23:30:59.171106,0.0,21.9,1022.0,0.62367,0.68232,12,1,26,4,16,20,0.0,-999.0
2026-01-11 23:31:02.173052,0.0,21.9,1022.1,0.6242,0.68289,12,1,26,4,16,22,0.0,-999.0
2026-01-11 23:31:02.178456,0.0,21.9,1022.0,0.62473,0.68346,12,1,26,4,16,24,0.0,17.1
2026-01-11 23:31:05.169842,0.0,21.9,1022.0,0.62523,0.68402,12,1,26,4,16,26,0.0,-999.0
2026-01-11 23:31:08.154315,0.0,21.9,1022.1,0.62574,0.6846,12,1,26,4,16,28,0.0,-999.0
2026-01-11 23:31:08.154315,0.0,21.9,1022.1,0.62626,0.68514,12,1,26,4,16,30,0.0,-999.0
2026-01-11 23:31:11.164580,0.0,21.9,1022.0,0.62676,0.68569,12,1,26,4,16,32,0.0,17.0
2026-01-11 23:31:14.157197,0.0,21.9,1022.0,0.62728,0.68626,12,1,26,4,16,34,0.0,-999.0
2026-01-11 23:31:14.157197,0.0,21.9,1022.0,0.62778,0.68681,12,1,26,4,16,36,0.0,-999.0
2026-01-11 23:31:17.169932,0.0,21.9,1022.0,0.6283,0.68736,12,1,26,4,16,38,0.0,-999.0
2026-01-11 23:31:20.164475,0.0,21.9,1022.0,0.6288,0.68791,12,1,26,4,16,40,0.0,-999.0
2026-01-11 23:31:20.172836,0.0,21.9,1022.0,0.62929,0.68845,12,1,26,4,16,42,0.0,17.0
2026-01-11 23:31:23.178483,0.0,21.9,1022.0,0.62979,0.68899,12,1,26,4,16,44,0.0,-999.0
2026-01-11 23:31:26.176123,0.0,21.9,1022.0,0.63029,0.68954,12,1,26,4,16,46,0.0,17.1
2026-01-11 23:31:26.178353,0.0,21.9,1022.0,0.63078,0.69007,12,1,26,4,16,48,0.0,-999.0
2026-01-11 23:31:29.166199,0.0,21.9,1022.1,0.63125,0.69061,12,1,26,4,16,50,0.0,17.1
2026-01-11 23:31:32.177747,0.0,21.9,1022.0,0.63175,0.69114,12,1,26,4,16,52,0.0,-999.0
2026-01-11 23:31:32.181483,0.0,21.9,1022.1,0.63224,0.69166,12,1,26,4,16,54,0.0,17.0
2026-01-11 23:31:35.164834,0.0,21.9,1022.1,0.63273,0.69219,12,1,26,4,16,56,0.0,-999.0
2026-01-11 23:31:38.165876,0.0,21.9,1022.1,0.6332,0.69272,12,1,26,4,16,58,0.0,17.1
2026-01-11 23:31:38.169658,0.0,21.9,1022.1,0.63368,0.69323,12,1,26,4,17,0,0.0,17.1
2026-01-11 23:31:41.182035,0.0,21.9,1022.0,0.63415,0.69376,12,1,26,4,17,2,0.0,17.1
2026-01-11 23:31:44.155742,0.0,21.9,1022.0,0.63462,0.69426,12,1,26,4,17,4,0.0,17.2
2026-01-11 23:31:44.171426,0.0,21.9,1022.0,0.63509,0.69477,12,1,26,4,17,6,0.0,17.0
2026-01-11 23:31:47.159922,0.0,21.9,1022.3,0.63556,0.69527,12,1,26,4,17,8,0.0,17.1
2026-01-11 23:31:50.166729,0.0,21.9,1022.1,0.63603,0.69578,12,1,26,4,17,10,0.0,17.0
2026-01-11 23:31:50.166729,0.0,21.9,1022.0,0.63649,0.69629,12,1,26,4,17,12,0.0,17.0
2026-01-11 23:31:53.166009,0.0,21.9,1022.0,0.63695,0.69679,12,1,26,4,17,14,0.0,17.0
2026-01-11 23:31:56.174839,0.0,21.9,1022.0,0.63741,0.69729,12,1,26,4,17,16,0.0,17.0
2026-01-11 23:31:56.174839,0.0,21.9,1022.0,0.63786,0.69779,12,1,26,4,17,18,0.0,-999.0
2026-01-11 23:31:59.160093,0.0,21.9,1022.0,0.63832,0.69828,12,1,26,4,17,20,0.0,17.1
2026-01-11 23:32:02.166937,0.0,21.9,1022.1,0.63876,0.69878,12,1,26,4,17,22,0.0,17.0
2026-01-11 23:32:02.166937,0.0,21.9,1022.0,0.6392,0.69927,12,1,26,4,17,24,0.0,17.1
2026-01-11 23:32:05.169060,0.0,21.9,1021.9,0.63965,0.69975,12,1,26,4,17,26,0.0,17.0
2026-01-11 23:32:08.167866,0.0,21.9,1022.1,0.6401,0.70023,12,1,26,4,17,28,0.0,17.1
2026-01-11 23:32:08.179600,0.0,21.9,1022.0,0.64054,0.70071,12,1,26,4,17,30,0.0,-999.0
2026-01-11 23:32:11.167001,0.0,22.0,1022.0,0.64098,0.70118,12,1,26,4,17,32,0.0,17.1
2026-01-11 23:32:14.168756,0.0,22.0,1022.0,0.64142,0.70167,12,1,26,4,17,34,0.0,-999.0
2026-01-11 23:32:14.168756,0.0,22.0,1022.0,0.64185,0.70214,12,1,26,4,17,36,0.0,-999.0
2026-01-11 23:32:17.169949,0.0,22.0,1022.0,0.64228,0.70262,12,1,26,4,17,38,0.0,-999.0
2026-01-11 23:32:20.171276,0.0,22.0,1022.0,0.64271,0.70307,12,1,26,4,17,40,0.0,-999.0
2026-01-11 23:32:20.171276,0.0,22.0,1022.0,0.64314,0.70355,12,1,26,4,17,42,0.0,17.0
2026-01-11 23:32:23.159183,0.0,22.1,1022.0,0.64357,0.70402,12,1,26,4,17,44,0.0,-999.0
2026-01-11 23:32:26.164035,0.0,22.1,1022.0,0.644,0.70448,12,1,26,4,17,46,0.0,17.0
2026-01-11 23:32:26.176641,0.0,22.1,1022.0,0.64442,0.70494,12,1,26,4,17,48,0.0,-999.0
2026-01-11 23:32:29.169273,0.0,22.2,1022.0,0.64484,0.7054,12,1,26,4,17,50,0.0,17.0
2026-01-11 23:32:32.171537,0.0,22.2,1022.0,0.64527,0.70587,12,1,26,4,17,52,0.0,-999.0
2026-01-11 23:32:32.171537,0.0,22.2,1022.0,0.6457,0.70633,12,1,26,4,17,54,0.0,17.1
2026-01-11 23:32:35.166606,0.0,22.2,1022.0,0.6461,0.70678,12,1,26,4,17,56,0.0,17.0
2026-01-11 23:32:38.171802,0.0,22.3,1022.0,0.64652,0.70723,12,1,26,4,17,58,0.0,-999.0
2026-01-11 23:32:38.171802,0.0,22.3,1022.0,0.64694,0.70767,12,1,26,4,18,0,0.0,17.1
2026-01-11 23:32:41.151661,0.0,22.3,1022.0,0.64734,0.70813,12,1,26,4,18,2,0.0,-999.0
2026-01-11 23:32:44.180544,0.0,22.3,1022.0,0.64777,0.70858,12,1,26,4,18,4,0.0,16.9
2026-01-11 23:32:44.182129,0.0,22.4,1022.3,0.64817,0.70903,12,1,26,4,18,6,0.0,-999.0
2026-01-11 23:32:47.157998,0.0,22.4,1022.0,0.64858,0.70946,12,1,26,4,18,8,0.0,-999.0
2026-01-11 23:32:50.166675,0.0,22.4,1022.0,0.64897,0.70991,12,1,26,4,18,10,0.0,-999.0
2026-01-11 23:32:50.166675,0.0,22.4,1022.0,0.64938,0.71035,12,1,26,4,18,12,0.0,16.8
2026-01-11 23:32:53.165306,0.0,22.4,1022.0,0.64979,0.71078,12,1,26,4,18,14,0.0,-999.0
2026-01-11 23:32:56.171128,0.0,22.4,1022.0,0.65018,0.71124,12,1,26,4,18,16,0.0,-999.0
2026-01-11 23:32:56.171128,0.0,22.4,1022.0,0.65059,0.71165,12,1,26,4,18,18,0.0,17.0
2026-01-11 23:32:59.168416,0.0,22.4,1022.0,0.65099,0.7121,12,1,26,4,18,20,0.0,-999.0
2026-01-11 23:33:02.169212,0.0,22.4,1022.0,0.65139,0.71253,12,1,26,4,18,22,0.0,17.0
2026-01-11 23:33:02.169212,0.0,22.4,1022.0,0.65178,0.71297,12,1,26,4,18,24,0.0,17.0
2026-01-11 23:33:05.169282,0.0,22.4,1022.0,0.65217,0.71339,12,1,26,4,18,26,0.0,16.9
2026-01-11 23:33:08.175484,0.0,22.4,1022.0,0.65257,0.71382,12,1,26,4,18,28,0.0,-999.0
2026-01-11 23:33:08.178593,0.0,22.4,1022.0,0.65297,0.71425,12,1,26,4,18,30,0.0,-999.0
2026-01-11 23:33:11.171222,0.0,22.4,1022.0,0.65336,0.71467,12,1,26,4,18,32,0.0,-999.0
2026-01-11 23:33:14.170675,0.0,22.4,1022.0,0.65375,0.71511,12,1,26,4,18,34,0.0,-999.0
2026-01-11 23:33:14.170675,0.0,22.4,1022.0,0.65414,0.71553,12,1,26,4,18,36,0.0,-999.0
2026-01-11 23:33:17.168296,0.0,22.4,1022.0,0.65453,0.71596,12,1,26,4,18,38,0.0,-999.0
2026-01-11 23:33:20.165542,0.0,22.4,1022.0,0.65491,0.71638,12,1,26,4,18,40,0.0,17.0
2026-01-11 23:33:20.165542,0.0,22.4,1022.0,0.6553,0.71679,12,1,26,4,18,42,0.0,-999.0
2026-01-11 23:33:23.169852,0.0,22.4,1022.0,0.65569,0.71722,12,1,26,4,18,44,0.0,17.0
2026-01-11 23:33:26.158199,0.0,22.4,1022.0,0.65607,0.71763,12,1,26,4,18,46,0.0,-999.0
2026-01-11 23:33:26.158199,0.0,22.4,1022.1,0.65645,0.71806,12,1,26,4,18,48,0.0,16.9
2026-01-11 23:33:28.796199,0.0,22.4,1022.0,0.65682,0.71846,12,1,26,4,18,50,0.0,17.0
2026-01-11 23:33:31.797964,0.0,22.4,1022.1,0.65721,0.71889,12,1,26,4,18,52,0.0,16.9
2026-01-11 23:33:31.811380,0.0,22.4,1022.0,0.6576,0.7193,12,1,26,4,18,54,0.0,16.9
2026-01-11 23:33:34.798304,0.0,22.4,1022.0,0.65798,0.71972,12,1,26,4,18,56,0.0,16.9
2026-01-11 23:33:37.814816,0.0,22.4,1022.3,0.65835,0.72012,12,1,26,4,18,58,0.0,17.0
2026-01-11 23:33:37.814816,0.01,22.4,1022.1,0.65874,0.72054,12,1,26,4,19,0,0.0,-999.0
2026-01-11 23:33:41.165926,0.01,22.4,1022.1,0.65912,0.72095,12,1,26,4,19,2,0.0,17.0
2026-01-11 23:33:44.162658,0.0,22.4,1022.0,0.65949,0.72137,12,1,26,4,19,4,0.0,-999.0
2026-01-11 23:33:44.162658,0.0,22.4,1022.0,0.65987,0.72178,12,1,26,4,19,6,0.0,17.0
2026-01-11 23:33:47.175253,0.01,22.4,1022.0,0.66025,0.72218,12,1,26,4,19,8,0.0,-999.0
2026-01-11 23:33:50.159596,0.01,22.4,1022.0,0.66063,0.7226,12,1,26,4,19,10,0.0,-999.0
2026-01-11 23:33:50.159596,0.01,22.4,1022.0,0.66102,0.72302,12,1,26,4,19,12,0.0,17.1
2026-01-11 23:33:53.179374,0.01,22.4,1022.0,0.66138,0.72343,12,1,26,4,19,14,0.0,17.0
2026-01-11 23:33:56.163160,0.01,22.4,1022.0,0.66177,0.72384,12,1,26,4,19,16,0.0,16.9
2026-01-11 23:33:56.163160,0.0,22.4,1022.0,0.65844,0.72045,12,1,26,4,19,18,0.0,16.9
2026-01-11 23:33:59.174083,0.0,22.4,1022.0,0.6585,0.72051,12,1,26,4,19,20,0.0,17.0
2026-01-11 23:34:02.162208,0.0,22.4,1022.0,0.65865,0.72068,12,1,26,4,19,22,0.0,-999.0
2026-01-11 23:34:02.162208,0.0,22.4,1022.0,0.65884,0.7209,12,1,26,4,19,24,0.0,16.8
2026-01-11 23:34:05.171015,0.0,22.4,1022.0,0.65906,0.72114,12,1,26,4,19,26,0.0,-999.0
2026-01-11 23:34:08.168369,0.0,22.4,1022.0,0.6593,0.72141,12,1,26,4,19,28,0.0,16.9
2026-01-11 23:34:08.168369,0.0,22.4,1022.0,0.65955,0.72167,12,1,26,4,19,30,0.0,-999.0
2026-01-11 23:34:11.171996,0.0,22.4,1022.0,0.65981,0.72194,12,1,26,4,19,32,0.0,-999.0
2026-01-11 23:34:14.155655,0.0,22.4,1022.0,0.66007,0.72222,12,1,26,4,19,34,0.0,-999.0
2026-01-11 23:34:14.155655,0.0,22.4,1022.0,0.66032,0.72251,12,1,26,4,19,36,0.0,-999.0
2026-01-11 23:34:17.156482,0.0,22.4,1022.0,0.66059,0.72281,12,1,26,4,19,38,0.0,16.8
2026-01-11 23:34:20.168806,0.0,22.4,1022.0,0.66086,0.7231,12,1,26,4,19,40,0.0,-999.0
2026-01-11 23:34:20.168806,0.0,22.4,1022.0,0.66114,0.7234,12,1,26,4,19,42,0.0,16.9
2026-01-11 23:34:23.179924,0.0,22.4,1022.1,0.66142,0.7237,12,1,26,4,19,44,0.0,16.8
2026-01-11 23:34:26.155254,0.0,22.4,1022.3,0.6617,0.72402,12,1,26,4,19,46,0.0,16.9
2026-01-11 23:34:26.169126,0.0,22.4,1022.0,0.66199,0.72433,12,1,26,4,19,48,0.0,17.0
2026-01-11 23:34:29.174234,0.0,22.4,1022.0,0.66226,0.72464,12,1,26,4,19,50,0.0,-999.0
2026-01-11 23:34:32.172641,0.0,22.4,1022.0,0.66256,0.72496,12,1,26,4,19,52,0.0,17.0
2026-01-11 23:34:32.172641,0.0,22.4,1022.0,0.66284,0.72528,12,1,26,4,19,54,0.0,16.9
2026-01-11 23:34:35.171341,0.0,22.4,1022.0,0.66313,0.72559,12,1,26,4,19,56,0.0,17.0
2026-01-11 23:34:38.166988,0.0,22.4,1022.0,0.66343,0.72592,12,1,26,4,19,58,0.0,-999.0
2026-01-11 23:34:38.166988,0.0,22.4,1022.1,0.66373,0.72624,12,1,26,4,20,0,0.0,16.9
2026-01-11 23:35:32.179205,0.0,22.4,1022.0,0.66402,0.72657,12,1,26,4,20,2,0.0,-999.0
2026-01-11 23:35:32.179205,0.0,22.5,1022.0,0.66433,0.7269,12,1,26,4,20,4,0.0,-999.0
2026-01-11 23:35:32.179205,0.0,22.5,1022.0,0.66463,0.72721,12,1,26,4,20,6,0.0,-999.0
2026-01-11 23:35:32.179205,0.0,22.5,1022.0,0.66494,0.72755,12,1,26,4,20,8,0.0,-999.0
2026-01-11 23:35:32.179205,0.0,22.5,1022.0,0.66524,0.72789,12,1,26,4,20,10,0.0,17.0
2026-01-11 23:35:32.187024,0.0,22.5,1022.0,0.66554,0.72823,12,1,26,4,20,12,0.0,16.9
2026-01-11 23:35:32.187024,0.0,22.6,1022.3,0.66584,0.72855,12,1,26,4,20,14,0.0,17.0
2026-01-11 23:35:32.187024,0.0,22.6,1022.0,0.66616,0.72889,12,1,26,4,20,16,0.0,-999.0
2026-01-11 23:35:32.191983,0.0,22.6,1022.1,0.66647,0.72923,12,1,26,4,20,18,0.0,17.0
2026-01-11 23:35:32.191983,0.0,22.6,1022.0,0.66678,0.72957,12,1,26,4,20,20,0.0,16.9
2026-01-11 23:35:32.194211,0.0,22.7,1022.0,0.66708,0.7299,12,1,26,4,20,22,0.0,17.0
2026-01-11 23:35:32.197288,0.0,22.7,1022.3,0.66738,0.73024,12,1,26,4,20,24,0.0,-999.0
2026-01-11 23:35:32.197288,0.0,22.8,1022.1,0.66771,0.73058,12,1,26,4,20,26,0.0,16.9
2026-01-11 23:35:32.197288,0.0,22.8,102.0,None,None,0,0,0,0,0,0,None,None
2026-01-11 23:35:35.167149,0.0,22.8,1022.0,0.66832,0.73127,12,1,26,4,20,30,0.0,16.8
2026-01-11 23:35:35.168821,0.0,22.8,1022.0,0.66864,0.7316,12,1,26,4,20,32,0.0,-999.0
2026-01-11 23:35:35.170479,0.0,22.8,1022.0,0.66896,0.73195,12,1,26,4,20,34,0.0,-999.0
2026-01-11 23:35:35.172121,0.0,22.8,1022.0,0.66927,0.73228,12,1,26,4,20,36,0.0,-999.0
2026-01-11 23:35:35.175953,0.0,22.8,1022.0,0.66958,0.73263,12,1,26,4,20,38,0.0,-999.0
2026-01-11 23:35:35.176751,0.0,22.9,1022.0,0.6699,0.73298,12,1,26,4,20,40,0.0,-999.0
2026-01-11 23:35:35.178085,0.0,22.9,1022.0,0.67021,0.73333,12,1,26,4,20,42,0.0,-999.0
2026-01-11 23:35:35.179180,0.0,22.9,1022.0,0.67053,0.73367,12,1,26,4,20,44,0.0,-999.0
2026-01-11 23:35:35.181758,0.0,22.9,1022.0,0.67085,0.73401,12,1,26,4,20,46,0.0,-999.0
2026-01-11 23:35:35.183054,0.0,22.9,1022.0,0.67115,0.73436,12,1,26,4,20,48,0.0,-999.0
2026-01-11 23:35:35.183054,0.0,22.9,1022.0,0.67147,0.7347,12,1,26,4,20,50,0.0,16.9
2026-01-11 23:35:35.184580,0.0,22.9,1021.9,0.67179,0.73505,12,1,26,4,20,52,0.0,-999.0
2026-01-11 23:35:35.184580,0.0,22.9,1022.0,0.67213,0.0,0,0,0,0,0,0,None,None
2026-01-11 23:35:38.174200,0.0,22.9,1022.0,0.67243,0.73574,12,1,26,4,20,56,0.0,17.0
2026-01-11 23:35:38.178109,0.0,22.9,1022.0,0.67273,0.73609,12,1,26,4,20,58,0.0,-999.0
2026-01-11 23:35:38.178109,0.0,22.9,1022.0,0.67307,0.73643,12,1,26,4,21,0,0.0,17.0
2026-01-11 23:35:41.166421,0.0,22.9,1022.0,0.67338,0.73677,12,1,26,4,21,2,0.0,-999.0
2026-01-11 23:35:44.170097,0.0,22.9,1022.0,0.6737,0.73713,12,1,26,4,21,4,0.0,16.8
2026-01-11 23:35:44.170097,0.0,22.9,1022.3,0.67401,0.73747,12,1,26,4,21,6,0.0,-999.0
2026-01-11 23:35:47.168632,0.0,22.9,1022.0,0.67434,0.73782,12,1,26,4,21,8,0.0,16.8
2026-01-11 23:35:50.162433,0.0,22.9,1022.0,0.67465,0.73817,12,1,26,4,21,10,0.0,16.9
2026-01-11 23:35:50.172055,0.0,22.9,1022.1,0.67496,0.73852,12,1,26,4,21,12,0.0,-999.0
2026-01-11 23:35:53.164978,0.0,22.9,1022.0,0.67529,0.73887,12,1,26,4,21,14,0.0,17.1
2026-01-11 23:35:56.168965,0.0,22.9,1022.0,0.6756,0.73922,12,1,26,4,21,16,0.0,-999.0
2026-01-11 23:35:56.168965,0.0,22.9,1022.0,0.67592,0.73956,12,1,26,4,21,18,0.0,17.2
2026-01-11 23:35:59.173714,0.0,22.9,1022.0,0.67623,0.73991,12,1,26,4,21,20,0.0,-999.0
2026-01-11 23:36:02.174934,0.0,22.9,1022.0,0.67657,0.74026,12,1,26,4,21,22,0.0,17.1
2026-01-11 23:36:02.174934,0.0,22.9,1022.0,0.67689,0.74061,12,1,26,4,21,24,0.0,-999.0
2026-01-11 23:36:05.163381,0.0,22.9,1022.0,0.6772,0.74095,12,1,26,4,21,26,0.0,17.2
2026-01-11 23:36:08.165308,0.0,22.9,1022.0,0.67753,0.74131,12,1,26,4,21,28,0.0,-999.0
2026-01-11 23:36:08.177302,0.0,22.9,1022.0,0.67785,0.74166,12,1,26,4,21,30,0.0,17.1
2026-01-11 23:36:11.163515,0.0,22.9,1022.0,0.67817,0.74202,12,1,26,4,21,32,0.0,-999.0
2026-01-11 23:36:14.167293,0.0,22.9,1022.0,0.6785,0.74238,12,1,26,4,21,34,0.0,17.0
2026-01-11 23:36:14.167293,0.0,22.9,1022.0,0.67882,0.74272,12,1,26,4,21,36,0.0,-999.0
2026-01-11 23:36:17.166583,0.0,22.9,1022.0,0.67915,0.7431,12,1,26,4,21,38,0.0,17.2
2026-01-11 23:36:20.164374,0.0,22.9,1022.0,0.67947,0.74345,12,1,26,4,21,40,0.0,-999.0
2026-01-11 23:36:20.164374,0.0,22.9,1022.1,0.6798,0.7438,12,1,26,4,21,42,0.0,17.1
2026-01-11 23:36:23.164948,0.0,22.9,1022.0,0.68011,0.74415,12,1,26,4,21,44,0.0,-999.0
2026-01-11 23:36:26.166238,0.0,22.9,1022.0,0.68043,0.74449,12,1,26,4,21,46,0.0,17.1
2026-01-11 23:36:26.166238,0.0,22.9,1022.0,0.68076,0.74484,12,1,26,4,21,48,0.0,-999.0
2026-01-11 23:36:29.171201,0.0,22.9,1022.0,0.68107,0.74518,12,1,26,4,21,50,0.0,17.0
2026-01-11 23:36:32.178410,0.0,22.9,1022.0,0.68139,0.74554,12,1,26,4,21,52,0.0,-999.0
2026-01-11 23:36:32.180288,0.0,22.9,1022.0,0.68171,0.74587,12,1,26,4,21,54,0.0,17.0
2026-01-11 23:36:35.166857,0.0,22.9,1022.0,0.68203,0.74622,12,1,26,4,21,56,0.0,-999.0
2026-01-11 23:36:38.168925,0.0,22.9,1022.0,0.68234,0.74656,12,1,26,4,21,58,0.0,17.0
2026-01-11 23:36:38.168925,0.0,22.9,1022.0,0.68265,0.74691,12,1,26,4,22,0,0.0,-999.0
2026-01-11 23:36:41.163763,0.0,22.9,1022.0,0.68297,0.74726,12,1,26,4,22,2,0.0,17.1
2026-01-11 23:36:44.182866,0.0,22.9,1022.0,0.68328,0.74759,12,1,26,4,22,4,0.0,17.0
2026-01-11 23:36:44.182866,0.0,22.9,1022.0,0.68361,0.74795,12,1,26,4,22,6,0.0,17.1
2026-01-11 23:36:47.174247,0.0,22.9,1022.0,0.68391,0.74829,12,1,26,4,22,8,0.0,17.1
2026-01-11 23:36:50.162969,0.0,22.9,1022.0,0.68423,0.74863,12,1,26,4,22,10,0.0,-999.0
2026-01-11 23:36:50.162969,0.0,22.9,1022.0,0.68454,0.74896,12,1,26,4,22,12,0.0,17.1
2026-01-11 23:36:53.164373,0.0,22.9,1022.0,0.68485,0.7493,12,1,26,4,22,14,0.0,-999.0
2026-01-11 23:36:56.154881,0.0,22.9,1022.0,0.68517,0.74965,12,1,26,4,22,16,0.0,17.2
2026-01-11 23:36:56.154881,0.0,22.9,1022.0,0.68548,0.75001,12,1,26,4,22,18,0.0,-999.0
2026-01-11 23:36:59.162053,0.0,22.9,1022.0,0.6858,0.75033,12,1,26,4,22,20,0.0,17.0
2026-01-11 23:37:02.164449,0.0,22.9,1022.1,0.68609,0.75068,12,1,26,4,22,22,0.0,17.2
2026-01-11 23:37:02.179576,0.0,22.9,1022.0,0.6864,0.75101,12,1,26,4,22,24,0.0,17.0
2026-01-11 23:37:05.165054,0.0,22.9,1022.0,0.68672,0.75136,12,1,26,4,22,26,0.0,17.2
2026-01-11 23:37:08.171903,0.0,22.9,1022.0,0.68703,0.7517,12,1,26,4,22,28,0.0,17.1
2026-01-11 23:37:08.171903,0.0,22.9,1022.0,0.68735,0.75205,12,1,26,4,22,30,0.0,17.1
2026-01-11 23:37:11.163062,0.0,22.9,1022.0,0.68765,0.75237,12,1,26,4,22,32,0.0,-999.0
2026-01-11 23:37:14.157322,0.0,22.9,1022.0,0.68797,0.75272,12,1,26,4,22,34,0.0,16.9
2026-01-11 23:37:14.157322,0.0,22.9,1022.0,0.68829,0.75306,12,1,26,4,22,36,0.0,-999.0
2026-01-11 23:37:17.162010,0.0,23.0,1022.0,0.68858,0.75339,12,1,26,4,22,38,0.0,-999.0
2026-01-11 23:37:20.166996,0.0,23.0,1022.0,0.68889,0.75372,12,1,26,4,22,40,0.0,16.9
2026-01-11 23:37:20.166996,0.0,23.0,1022.0,0.68921,0.75406,12,1,26,4,22,42,0.0,-999.0
2026-01-11 23:37:23.173972,0.0,23.0,1022.0,0.68951,0.7544,12,1,26,4,22,44,0.0,17.0
2026-01-11 23:37:26.175207,0.0,23.0,1022.0,0.68983,0.75474,12,1,26,4,22,46,0.0,17.0
2026-01-11 23:37:26.175207,0.0,23.0,1022.1,0.69013,0.75508,12,1,26,4,22,48,0.0,17.1
2026-01-11 23:37:29.168594,0.0,23.1,1022.4,0.69044,0.75543,12,1,26,4,22,50,0.0,17.0
2026-01-11 23:37:32.171069,0.0,23.1,1022.0,0.69074,0.75575,12,1,26,4,22,52,0.0,17.1
2026-01-11 23:37:32.173183,0.0,23.1,1022.0,0.69105,0.75609,12,1,26,4,22,54,0.0,17.0
2026-01-11 23:37:35.168528,0.0,23.2,1022.0,0.69135,0.75641,12,1,26,4,22,56,0.0,-999.0
2026-01-11 23:37:38.177335,0.0,23.2,1022.0,0.69166,0.75675,12,1,26,4,22,58,0.0,16.9
2026-01-11 23:37:38.178843,0.0,23.2,1022.0,0.69197,0.75708,12,1,26,4,23,0,0.0,-999.0
2026-01-11 23:37:41.168598,0.0,23.2,1022.0,0.69229,0.75743,12,1,26,4,23,2,0.0,-999.0
2026-01-11 23:37:44.168132,0.0,23.3,1022.0,0.69259,0.75776,12,1,26,4,23,4,0.0,17.0
2026-01-11 23:37:44.168132,0.0,23.3,1022.0,0.69289,0.75809,12,1,26,4,23,6,0.0,17.0
2026-01-11 23:37:47.174603,0.0,23.3,1022.0,0.6932,0.75842,12,1,26,4,23,8,0.0,17.1
2026-01-11 23:37:50.170156,0.0,23.3,1022.0,0.69351,0.75874,12,1,26,4,23,10,0.0,17.0
2026-01-11 23:37:50.170156,0.0,23.3,1022.0,0.69381,0.7591,12,1,26,4,23,12,0.0,17.2
2026-01-11 23:37:53.172971,0.0,23.3,1022.0,0.6941,0.75943,12,1,26,4,23,14,0.0,-999.0
2026-01-11 23:37:56.169482,0.0,23.4,1022.0,0.69441,0.75977,12,1,26,4,23,16,0.0,16.9
2026-01-11 23:37:56.169482,0.0,23.4,1022.0,0.69474,0.7601,12,1,26,4,23,18,0.0,16.9
2026-01-11 23:37:59.177453,0.0,23.4,1022.0,0.69504,0.76043,12,1,26,4,23,20,0.0,16.9
2026-01-11 23:38:02.181038,0.0,23.4,1022.1,0.69533,0.76077,12,1,26,4,23,22,0.0,-999.0
2026-01-11 23:38:02.183234,0.0,23.4,1022.0,0.69564,0.76111,12,1,26,4,23,24,0.0,-999.0
2026-01-11 23:38:05.176271,0.0,23.4,1022.0,0.69594,0.76143,12,1,26,4,23,26,0.0,16.9
2026-01-11 23:38:08.178763,0.0,23.4,1022.0,0.69626,0.76176,12,1,26,4,23,28,0.0,-999.0
2026-01-11 23:38:08.178763,0.0,23.4,1022.0,0.69655,0.76209,12,1,26,4,23,30,0.0,17.1
2026-01-11 23:38:11.166939,0.0,23.4,1021.9,0.69686,0.76243,12,1,26,4,23,32,0.0,17.0
2026-01-11 23:38:14.159670,0.0,23.4,1022.0,0.69716,0.76276,12,1,26,4,23,34,0.0,-999.0
2026-01-11 23:38:14.159670,0.0,23.4,1022.0,0.69747,0.76309,12,1,26,4,23,36,0.0,17.1
2026-01-11 23:38:17.170388,0.0,23.4,1022.0,0.69776,0.76341,12,1,26,4,23,38,0.0,-999.0
2026-01-11 23:38:20.178493,0.0,23.4,1022.1,0.69805,0.76374,12,1,26,4,23,40,0.0,16.9
2026-01-11 23:38:20.178493,0.0,23.4,1022.0,0.69836,0.76407,12,1,26,4,23,42,0.0,-999.0
2026-01-11 23:38:23.156635,0.0,23.4,1022.0,0.69867,0.7644,12,1,26,4,23,44,0.0,-999.0
2026-01-11 23:38:26.171565,0.0,23.4,1022.0,0.69896,0.76472,12,1,26,4,23,46,0.0,17.0
2026-01-11 23:38:26.171565,0.0,23.4,1022.0,0.69926,0.76506,12,1,26,4,23,48,0.0,-999.0
