timestamp,esp_ts_ms,elapsed_s,vessel_o3_pct,cell_temp_c,vessel_temp_c,power_pct,phase
2026-03-10 18:03:25.275410,1985868,0.00,0.0,38.0,-999.0,0,baseline
2026-03-10 18:03:27.787532,1987868,2.00,0.0,38.0,17.8,0,baseline
2026-03-10 18:03:30.296678,1989868,4.00,0.0,38.0,17.8,0,baseline
2026-03-10 18:03:32.797958,1993868,8.00,0.0,38.0,17.9,0,baseline
2026-03-10 18:03:35.307510,1995868,10.00,0.0,38.0,17.8,0,baseline
2026-03-10 18:03:37.811117,1997868,12.00,0.0,38.0,17.8,0,baseline
2026-03-10 18:03:40.322093,1999868,14.00,0.0,38.0,17.8,0,baseline
2026-03-10 18:03:42.838200,2003868,18.00,0.0,38.0,17.9,0,baseline
2026-03-10 18:03:45.341651,2005868,20.00,0.0,38.0,17.8,0,baseline
2026-03-10 18:03:47.846435,2007868,22.00,0.0,38.0,17.7,0,baseline
2026-03-10 18:03:50.351330,2009868,24.00,0.0,38.0,17.8,0,baseline
2026-03-10 18:03:52.862005,2013868,28.00,0.0,38.0,18.0,0,baseline
2026-03-10 18:03:55.374317,2015868,30.00,0.0,38.0,17.8,0,baseline
2026-03-10 18:03:57.876319,2017868,32.00,0.0,38.0,17.6,0,baseline
2026-03-10 18:04:00.384981,2019868,34.00,0.0,38.0,17.9,0,baseline
2026-03-10 18:04:11.541283,2031868,46.00,0.0,38.0,17.6,100,fill
2026-03-10 18:04:14.047733,2033868,48.00,0.0,38.0,17.7,100,fill
2026-03-10 18:04:16.556243,2035868,50.00,0.0,38.0,17.7,100,fill
2026-03-10 18:04:19.069314,2039868,54.00,0.0,38.0,18.0,100,fill
2026-03-10 18:04:21.573244,2041868,56.00,0.0,38.0,-999.0,100,fill
2026-03-10 18:04:24.082020,2043868,58.00,0.0,38.0,-999.0,100,fill
2026-03-10 18:04:26.583343,2045868,60.00,0.0,38.0,-999.0,100,fill
2026-03-10 18:04:29.089683,2049868,64.00,0.01,38.0,17.8,100,fill
2026-03-10 18:04:31.597148,2051868,66.00,0.02,38.0,18.0,100,fill
2026-03-10 18:04:34.111343,2053868,68.00,0.03,38.0,17.8,100,fill
2026-03-10 18:04:36.615630,2057868,72.00,0.08,38.0,17.8,100,fill
2026-03-10 18:04:39.129182,2059868,74.00,0.09,38.0,17.8,100,fill
2026-03-10 18:04:41.643440,2061868,76.00,0.1,38.0,17.9,100,fill
2026-03-10 18:04:44.147695,2063868,78.00,0.12,38.0,17.9,100,fill
2026-03-10 18:04:46.654366,2067868,82.00,0.14,38.0,18.1,100,fill
2026-03-10 18:04:49.166582,2069868,84.00,0.14,38.0,17.9,100,fill
2026-03-10 18:04:51.682484,2071868,86.00,0.14,38.0,17.8,100,fill
2026-03-10 18:04:54.191602,2073868,88.00,0.14,38.0,17.9,100,fill
2026-03-10 18:04:56.706954,2077868,92.00,0.14,38.0,18.1,100,fill
2026-03-10 18:04:59.215299,2079867,94.00,0.14,38.0,17.9,100,fill
2026-03-10 18:05:01.724618,2081868,96.00,0.14,38.0,18.1,100,fill
2026-03-10 18:05:04.231701,2083867,98.00,0.14,38.0,18.1,100,fill
2026-03-10 18:05:06.742692,2087868,102.00,0.13,38.0,18.0,100,fill
2026-03-10 18:05:09.246059,2089868,104.00,0.13,38.0,18.0,100,fill
2026-03-10 18:05:11.757448,2091868,106.00,0.13,38.0,18.0,100,fill
2026-03-10 18:05:14.266562,2093868,108.00,0.13,38.0,18.0,100,fill
2026-03-10 18:05:16.768085,2097868,112.00,0.13,38.0,18.0,100,fill
2026-03-10 18:05:19.279975,2099868,114.00,0.12,38.0,18.0,100,fill
2026-03-10 18:05:21.796710,2101868,116.00,0.12,38.0,18.1,100,fill
2026-03-10 18:05:24.302073,2103868,118.00,0.12,38.0,17.9,100,fill
2026-03-10 18:05:26.817036,2107868,122.00,0.12,38.0,18.0,100,fill
2026-03-10 18:05:29.318149,2109868,124.00,0.12,38.0,18.1,100,fill
2026-03-10 18:05:31.827370,2111868,126.00,0.12,38.0,18.1,100,fill
2026-03-10 18:05:34.334256,2113868,128.00,0.11,38.0,18.0,100,fill
2026-03-10 18:05:36.849357,2117868,132.00,0.11,38.0,18.0,100,fill
2026-03-10 18:05:39.365280,2119868,134.00,0.11,38.0,17.9,100,fill
2026-03-10 18:05:41.869348,2121868,136.00,0.11,38.0,18.1,100,fill
2026-03-10 18:05:44.377318,2123868,138.00,0.11,38.0,18.2,100,fill
2026-03-10 18:05:46.889295,2127867,142.00,0.1,38.0,18.1,0,fill
2026-03-10 18:05:49.402818,2129868,144.00,0.1,38.0,18.0,0,fill
2026-03-10 18:05:51.923475,2131868,146.00,0.1,38.0,18.0,0,fill
2026-03-10 18:05:54.431689,2133867,148.00,0.1,38.0,-999.0,0,fill
2026-03-10 18:05:57.269621,2137868,152.00,0.1,38.0,18.1,0,evac
2026-03-10 18:05:59.773608,2139868,154.00,0.1,38.0,18.1,0,evac
2026-03-10 18:06:02.285858,2141868,156.00,0.09,38.0,18.0,0,evac
2026-03-10 18:06:04.796153,2145868,160.00,0.09,38.0,18.0,0,evac
2026-03-10 18:06:07.305100,2147868,162.00,0.09,38.0,18.1,0,evac
2026-03-10 18:06:09.806916,2149868,164.00,0.09,38.0,18.1,0,evac
2026-03-10 18:06:12.313886,2151868,166.00,0.09,38.0,18.1,0,evac
2026-03-10 18:06:14.817443,2155868,170.00,0.09,38.0,17.9,0,evac
2026-03-10 18:06:17.321331,2157868,172.00,0.09,38.0,18.0,0,evac
2026-03-10 18:06:19.829575,2159868,174.00,0.09,38.0,18.0,0,evac
2026-03-10 18:06:22.336596,2161868,176.00,0.09,38.0,18.0,0,evac
2026-03-10 18:06:24.837990,2165868,180.00,0.08,38.0,18.1,0,evac
2026-03-10 18:06:27.353007,2167868,182.00,0.08,38.0,18.0,0,evac
2026-03-10 18:06:29.854236,2169868,184.00,0.08,38.0,18.0,0,evac
2026-03-10 18:06:32.363391,2171868,186.00,0.08,38.0,18.0,0,evac
2026-03-10 18:06:34.871590,2175868,190.00,0.08,38.0,18.1,0,evac
2026-03-10 18:06:37.392117,2177868,192.00,0.08,38.0,18.0,0,evac
2026-03-10 18:06:39.893248,2179868,194.00,0.08,38.0,18.0,0,evac
2026-03-10 18:06:42.405486,2181868,196.00,0.08,38.0,18.1,0,evac
2026-03-10 18:06:44.920052,2185868,200.00,0.08,38.0,18.2,0,evac
2026-03-10 18:06:47.435696,2187868,202.00,0.08,38.0,18.0,0,evac
2026-03-10 18:06:49.938022,2189868,204.00,0.08,38.0,-999.0,0,evac
2026-03-10 18:06:52.442274,2191868,206.00,0.08,38.0,18.1,0,evac
2026-03-10 18:06:54.949205,2195868,210.00,0.07,38.0,18.1,0,evac
2026-03-10 18:06:57.461317,2197868,212.00,0.07,38.0,18.0,0,evac
2026-03-10 18:06:59.974900,2199868,214.00,0.07,38.0,18.1,0,evac
2026-03-10 18:07:02.488407,2201868,216.00,0.07,38.0,18.2,0,evac
2026-03-10 18:07:05.005148,2205868,220.00,0.07,38.0,18.2,0,evac
2026-03-10 18:07:07.510450,2207868,222.00,0.07,38.0,18.1,0,evac
2026-03-10 18:07:10.016153,2209868,224.00,0.07,38.0,18.2,0,evac
2026-03-10 18:07:12.522236,2211868,226.00,0.06,38.0,18.1,0,evac
2026-03-10 18:07:15.036428,2215868,230.00,0.06,38.0,18.0,0,evac
2026-03-10 18:07:17.544248,2217868,232.00,0.06,38.0,18.2,0,evac
2026-03-10 18:07:20.045497,2219868,234.00,0.06,38.0,18.2,0,evac
2026-03-10 18:07:22.548559,2221868,236.00,0.06,38.0,18.2,0,evac
2026-03-10 18:07:25.053297,2225868,240.00,0.06,38.0,18.2,0,evac
2026-03-10 18:07:27.566566,2227868,242.00,0.06,38.0,18.1,0,evac
2026-03-10 18:07:30.073232,2229868,244.00,0.06,38.0,18.1,0,evac
2026-03-10 18:07:32.581930,2231868,246.00,0.06,38.0,18.1,0,evac
2026-03-10 18:07:35.088859,2235868,250.00,0.06,38.0,18.1,0,evac
2026-03-10 18:07:37.594016,2237868,252.00,0.06,38.0,18.1,0,evac
2026-03-10 18:07:40.107013,2239868,254.00,0.05,38.0,-999.0,0,evac
2026-03-10 18:07:42.608902,2241868,256.00,0.05,38.0,18.2,0,evac
2026-03-10 18:07:45.119325,2245868,260.00,0.05,38.0,18.1,0,evac
2026-03-10 18:07:47.621750,2247868,262.00,0.05,38.0,18.2,0,evac
2026-03-10 18:07:50.138622,2249868,264.00,0.05,38.0,18.1,0,evac
2026-03-10 18:07:52.646489,2251868,266.00,0.05,38.0,18.1,0,evac
2026-03-10 18:07:55.154653,2255868,270.00,0.05,38.0,18.1,0,evac
2026-03-10 18:07:57.658762,2257868,272.00,0.05,38.0,18.2,0,evac
2026-03-10 18:08:00.160693,2259868,274.00,0.05,38.0,18.1,0,evac
2026-03-10 18:08:02.669178,2263868,278.00,0.05,38.0,18.1,0,evac
2026-03-10 18:08:05.171787,2265878,280.01,0.05,38.0,18.2,0,evac
2026-03-10 18:08:07.674686,2267878,282.01,0.05,38.0,18.2,0,evac
2026-03-10 18:08:10.187102,2269868,284.00,0.05,38.0,18.0,0,evac
2026-03-10 18:08:12.692036,2273878,288.01,0.05,38.0,18.1,0,evac
2026-03-10 18:08:15.196105,2275878,290.01,0.05,38.0,18.2,0,evac
2026-03-10 18:08:17.705079,2277878,292.01,0.05,38.0,18.2,0,evac
2026-03-10 18:08:20.210326,2279878,294.01,0.05,38.0,18.2,0,evac
2026-03-10 18:08:22.717916,2283878,298.01,0.05,38.0,18.2,0,evac
2026-03-10 18:08:25.222269,2285878,300.01,0.05,38.0,-999.0,0,evac
2026-03-10 18:08:27.738225,2287878,302.01,0.05,38.0,18.0,0,evac
2026-03-10 18:08:30.249367,2289878,304.01,0.05,38.0,18.2,0,evac
2026-03-10 18:08:32.757931,2293878,308.01,0.05,38.0,18.2,0,evac
2026-03-10 18:08:35.267090,2295878,310.01,0.05,38.0,18.1,0,evac
2026-03-10 18:08:37.768249,2297878,312.01,0.05,38.0,18.2,0,evac
2026-03-10 18:08:40.270216,2299878,314.01,0.05,38.0,18.2,0,evac
2026-03-10 18:08:42.778411,2303878,318.01,0.05,38.0,18.1,0,evac
2026-03-10 18:08:45.294913,2305878,320.01,0.05,38.0,18.1,0,evac
2026-03-10 18:08:47.811992,2307878,322.01,0.05,38.0,18.0,0,evac
2026-03-10 18:08:50.320211,2309878,324.01,0.05,38.0,18.1,0,evac
2026-03-10 18:08:52.836660,2313878,328.01,0.05,38.0,-999.0,0,evac
2026-03-10 18:08:55.345572,2315878,330.01,0.05,38.0,18.2,0,evac
2026-03-10 18:08:57.859059,2317878,332.01,0.05,38.0,18.2,0,evac
2026-03-10 18:09:00.360562,2319878,334.01,0.05,38.0,18.2,0,evac
2026-03-10 18:09:02.874799,2323878,338.01,0.05,38.0,18.2,0,evac
2026-03-10 18:09:05.378137,2325878,340.01,0.05,38.0,18.2,0,evac
2026-03-10 18:09:07.880134,2327878,342.01,0.05,38.0,18.2,0,evac
2026-03-10 18:09:10.387825,2329878,344.01,0.05,38.0,18.2,0,evac
2026-03-10 18:09:12.909931,2333878,348.01,0.05,38.0,18.3,0,evac
2026-03-10 18:09:15.412598,2335878,350.01,0.05,38.0,18.2,0,evac
2026-03-10 18:09:17.921449,2337878,352.01,0.05,38.0,18.1,0,evac
2026-03-10 18:09:20.425553,2339878,354.01,0.05,38.0,18.2,0,evac
2026-03-10 18:09:22.928465,2343878,358.01,0.05,38.0,18.2,0,evac
2026-03-10 18:09:25.435079,2345878,360.01,0.05,38.0,18.3,0,evac
2026-03-10 18:09:27.947136,2347878,362.01,0.05,38.0,18.2,0,evac
2026-03-10 18:09:30.461146,2349878,364.01,0.05,38.0,18.2,0,evac
2026-03-10 18:09:32.966283,2353878,368.01,0.05,38.0,18.2,0,evac
2026-03-10 18:09:35.479791,2355878,370.01,0.05,38.0,18.2,0,evac
2026-03-10 18:09:37.981645,2357878,372.01,0.05,38.0,18.2,0,evac
2026-03-10 18:09:40.496051,2359878,374.01,0.05,38.0,18.2,0,evac
2026-03-10 18:09:43.006792,2363878,378.01,0.05,38.0,18.4,0,evac
2026-03-10 18:09:45.516658,2365878,380.01,0.05,38.0,18.3,0,evac
2026-03-10 18:09:48.020119,2367878,382.01,0.05,38.0,18.2,0,evac
2026-03-10 18:09:50.520664,2369878,384.01,0.05,38.0,18.2,0,evac
2026-03-10 18:09:53.021992,2373878,388.01,0.05,38.0,18.2,0,evac
2026-03-10 18:09:55.526761,2375878,390.01,0.05,38.0,18.2,0,evac
2026-03-10 18:09:58.032672,2377878,392.01,0.05,38.0,18.4,0,evac
2026-03-10 18:10:00.544781,2379878,394.01,0.05,38.0,18.2,0,evac
2026-03-10 18:10:03.049170,2383878,398.01,0.05,38.0,18.3,0,evac
2026-03-10 18:10:05.561411,2385878,400.01,0.05,38.0,18.2,0,evac
